Workbook

Sheet 受給者証情報CSV-直近1年分
A1: 利用者名 | B1: 利用者名（伏字） | C1: 利用者カナ | D1: 利用者カナ（伏字） | E1: 認定区分 | F1: 市町村番号 | G1: 市町村名 | H1: 受給者証番号 | I1: 交付年月日 | J1: 給付決定開始年月日 | K1: 給付決定終了年月日 | L1: 障害児名 | M1: 障害児名（伏字） | N1: 障害児カナ | O1: 障害児カナ（伏字） | P1: 障害児性別 | Q1: 障害児生年月日 | R1: サービス開始年月日 | S1: 多子軽減対象区分 | T1: 個別サポート加算（Ⅰ） | U1: 個別サポート加算（Ⅱ） | V1: 個別サポート加算（Ⅲ） | W1: 利用者負担割合（原則） | X1: 負担上限月額 | Y1: 上限管理事業所 | Z1: 決定サービス内容 | AA1: 決定支給量 | AB1: 支給決定開始日 | AC1: 支給決定終了日 | AD1: 契約支給事業所名 | AE1: 契約サービス内容 | AF1: 契約支給量 | AG1: 契約日 | AH1: 当該契約支給量によるサービス提供終了日 | AI1: 指定相談支援事業所名
A2: 西川 尚子 | B2: =SUBSTITUTE(REPLACE(A2,1,1,"〇"),MID(A2,LEN(A2)-1,1),"〇") -> 〇川 〇子 | C2: ニシカワ ナオコ | D2: =SUBSTITUTE(REPLACE(C2,1,1,"〇"),MID(C2,LEN(C2)-1,1),"〇") -> 〇シカワ ナ〇コ | E2: 認定済 | F2: 272070 | G2: 高槻市 | H2: 8551023818 | J2: 45108 | K2: 45473 | L2: 西川 央祐 | M2: =SUBSTITUTE(REPLACE(L2,1,1,"〇"),MID(L2,LEN(L2)-1,1),"〇") -> 〇川 〇祐 | N2: ニシカワ オウスケ | O2: =SUBSTITUTE(REPLACE(N2,1,1,"〇"),MID(N2,LEN(N2)-1,1),"〇") -> 〇シカワ オウ〇ケ | P2: 男 | Q2: 42131 | R2: 45084 | S2: 対象外 | T2: 対象外 | U2: 対象外 | W2: 1 | X2: 4600 | Z2: 放課後等デイサービス（重症心身障害児以外） | AA2: 10 | AB2: 45108 | AD2: 放課後等デイサービス きららステム西冠 | AE2: 放課後等デイサービス（重症心身障害児以外） | AF2: 5 | AG2: 45108 | AH2: 45412
A3: 山本 真佐史 | B3: =SUBSTITUTE(REPLACE(A3,1,1,"〇"),MID(A3,LEN(A3)-1,1),"〇") -> 〇本 真〇史 | C3: ヤマモト マサシ | D3: =SUBSTITUTE(REPLACE(C3,1,1,"〇"),MID(C3,LEN(C3)-1,1),"〇") -> 〇マモト マ〇シ | E3: 認定済 | F3: 272070 | G3: 高槻市 | H3: 8551011623 | I3: 45098 | J3: 45108 | K3: 45473 | L3: 山本 頼 | M3: =SUBSTITUTE(REPLACE(L3,1,1,"〇"),MID(L3,LEN(L3)-1,1),"〇") -> 〇本〇頼 | N3: ヤマモト ライ | O3: =SUBSTITUTE(REPLACE(N3,1,1,"〇"),MID(N3,LEN(N3)-1,1),"〇") -> 〇マモト 〇イ | P3: 男 | Q3: 40687 | R3: 44327 | S3: 対象外 | T3: 対象外 | U3: 対象外 | W3: 1 | X3: 4600 | Y3: 放課後等デイサービス きららドリーム沢良木 | Z3: 放課後等デイサービス（重症心身障害児以外） | AA3: 15 | AB3: 45108 | AC3: 45473 | AD3: 放課後等デイサービス きららステム西冠 | AE3: 放課後等デイサービス（重症心身障害児以外） | AF3: 5 | AG3: 45108 | AH3: 45382 | AI3: 相談支援 チェリー・ハート
A4: 古川 由香 | B4: =SUBSTITUTE(REPLACE(A4,1,1,"〇"),MID(A4,LEN(A4)-1,1),"〇") -> 〇川 〇香 | C4: フルカワ ユカ | D4: =SUBSTITUTE(REPLACE(C4,1,1,"〇"),MID(C4,LEN(C4)-1,1),"〇") -> 〇ルカワ 〇カ | E4: 認定済 | F4: 272070 | G4: 高槻市 | H4: 3100013915 | I4: 45303 | J4: 45323 | K4: 45688 | L4: 古川 丈師 | M4: =SUBSTITUTE(REPLACE(L4,1,1,"〇"),MID(L4,LEN(L4)-1,1),"〇") -> 〇川 〇師 | N4: フルカワ タケモト | O4: =SUBSTITUTE(REPLACE(N4,1,1,"〇"),MID(N4,LEN(N4)-1,1),"〇") -> 〇ルカワ タケ〇ト | P4: 男 | Q4: 39805 | R4: 44309 | S4: 対象外 | T4: 対象外 | U4: 対象外 | W4: 1 | X4: 37200 | Z4: 放課後等デイサービス（重症心身障害児以外） | AA4: 10 | AB4: 45323 | AC4: 45688 | AD4: 放課後等デイサービス きららステム西冠 | AE4: 放課後等デイサービス（重症心身障害児以外） | AF4: 5 | AG4: 45323 | AH4: 45688
A5: 寺田 葉月 | B5: =SUBSTITUTE(REPLACE(A5,1,1,"〇"),MID(A5,LEN(A5)-1,1),"〇") -> 〇田 〇月 | C5: テラダ ハヅキ | D5: =SUBSTITUTE(REPLACE(C5,1,1,"〇"),MID(C5,LEN(C5)-1,1),"〇") -> 〇ラダ ハ〇キ | E5: 認定済 | F5: 272070 | G5: 高槻市 | H5: 8551022034 | I5: 44963 | J5: 45383 | K5: 45747 | L5: 寺田 蒼空 | M5: =SUBSTITUTE(REPLACE(L5,1,1,"〇"),MID(L5,LEN(L5)-1,1),"〇") -> 〇田 〇空 | N5: テラダ ソラ | O5: =SUBSTITUTE(REPLACE(N5,1,1,"〇"),MID(N5,LEN(N5)-1,1),"〇") -> 〇ラダ 〇ラ | P5: 男 | Q5: 40958 | R5: 44794 | S5: 対象外 | T5: 対象外 | U5: 対象外 | V5: 対象外 | W5: 1 | X5: 4600 | Z5: 放課後等デイサービス（重症心身障害児以外） | AA5: 14 | AB5: 45383 | AD5: 放課後等デイサービス きららステム西冠 | AE5: 放課後等デイサービス（重症心身障害児以外） | AF5: 10 | AG5: 45383 | AH5: 45412
A6: 中杉 久代 | B6: =SUBSTITUTE(REPLACE(A6,1,1,"〇"),MID(A6,LEN(A6)-1,1),"〇") -> 〇杉 〇代 | C6: ナカスギ ヒサヨ | D6: =SUBSTITUTE(REPLACE(C6,1,1,"〇"),MID(C6,LEN(C6)-1,1),"〇") -> 〇カスギ ヒ〇ヨ | E6: 認定済 | F6: 272070 | G6: 高槻市 | H6: 8551007811 | I6: 45383 | J6: 45383 | K6: 45747 | L6: 中杉 綸之介 | M6: =SUBSTITUTE(REPLACE(L6,1,1,"〇"),MID(L6,LEN(L6)-1,1),"〇") -> 〇杉 綸〇介 | N6: ナカスギ リンノスケ | O6: =SUBSTITUTE(REPLACE(N6,1,1,"〇"),MID(N6,LEN(N6)-1,1),"〇") -> 〇カ〇ギ リンノ〇ケ | P6: 男 | Q6: 40582 | R6: 45383 | S6: 対象外 | T6: 対象外 | U6: 対象外 | V6: 対象外 | W6: 1 | X6: 4600 | Z6: 放課後等デイサービス（重症心身障害児以外） | AA6: 5 | AB6: 45383 | AC6: 45747 | AD6: 放課後等デイサービス きららステム西冠 | AE6: 放課後等デイサービス（重症心身障害児以外） | AF6: 5 | AG6: 45383 | AH6: 45747
A7: 加藤 亜希子 | B7: =SUBSTITUTE(REPLACE(A7,1,1,"〇"),MID(A7,LEN(A7)-1,1),"〇") -> 〇藤 亜〇子 | C7: カトウ アキコ | D7: =SUBSTITUTE(REPLACE(C7,1,1,"〇"),MID(C7,LEN(C7)-1,1),"〇") -> 〇トウ ア〇コ | E7: 認定済 | F7: 272070 | G7: 高槻市 | H7: 8551051892 | J7: 45474 | K7: 45838 | L7: 加藤 直人 | M7: =SUBSTITUTE(REPLACE(L7,1,1,"〇"),MID(L7,LEN(L7)-1,1),"〇") -> 〇藤 〇人 | N7: カトウ ナオト | O7: =SUBSTITUTE(REPLACE(N7,1,1,"〇"),MID(N7,LEN(N7)-1,1),"〇") -> 〇トウ ナ〇ト | P7: 男 | Q7: 42139 | R7: 45748 | S7: 対象外 | T7: 対象外 | U7: 対象外 | V7: 対象外 | W7: 1 | X7: 4600 | Y7: 放課後等デイサービス きららステム西冠 | Z7: 放課後等デイサービス（重症心身障害児以外） | AA7: 10 | AB7: 45474 | AD7: 放課後等デイサービス きららステム西冠 | AE7: 放課後等デイサービス（重症心身障害児以外） | AF7: 5 | AG7: 45474
A8: 黒田 章乃 | B8: =SUBSTITUTE(REPLACE(A8,1,1,"〇"),MID(A8,LEN(A8)-1,1),"〇") -> 〇田 〇乃 | C8: クロダ アキノ | D8: =SUBSTITUTE(REPLACE(C8,1,1,"〇"),MID(C8,LEN(C8)-1,1),"〇") -> 〇ロダ ア〇ノ | E8: 認定済 | F8: 272070 | G8: 高槻市 | H8: 8551029310 | J8: 45474 | K8: 45838 | L8: 黒田 結世 | M8: =SUBSTITUTE(REPLACE(L8,1,1,"〇"),MID(L8,LEN(L8)-1,1),"〇") -> 〇田 〇世 | N8: クロダ ユウセイ | O8: =SUBSTITUTE(REPLACE(N8,1,1,"〇"),MID(N8,LEN(N8)-1,1),"〇") -> 〇ロダ ユウ〇イ | P8: 男 | Q8: 42140 | R8: 45748 | S8: 対象外 | T8: 対象外 | U8: 対象外 | V8: 対象外 | W8: 1 | X8: 37200 | Z8: 放課後等デイサービス（重症心身障害児以外） | AA8: 10 | AB8: 45474 | AD8: 放課後等デイサービス きららステム西冠 | AE8: 放課後等デイサービス（重症心身障害児以外） | AF8: 5 | AG8: 45474
A9: 阪本 和子 | B9: =SUBSTITUTE(REPLACE(A9,1,1,"〇"),MID(A9,LEN(A9)-1,1),"〇") -> 〇本 〇子 | C9: サカモト カズコ | D9: =SUBSTITUTE(REPLACE(C9,1,1,"〇"),MID(C9,LEN(C9)-1,1),"〇") -> 〇カモト カ〇コ | E9: 認定済 | F9: 272070 | G9: 高槻市 | H9: 8551027694 | J9: 45474 | K9: 45838 | L9: 阪本 悠真 | M9: =SUBSTITUTE(REPLACE(L9,1,1,"〇"),MID(L9,LEN(L9)-1,1),"〇") -> 〇本 〇真 | N9: サカモト ユウマ | O9: =SUBSTITUTE(REPLACE(N9,1,1,"〇"),MID(N9,LEN(N9)-1,1),"〇") -> 〇カモト ユ〇マ | P9: 男 | Q9: 42499 | R9: 45748 | S9: 対象外 | T9: 対象 | U9: 対象外 | V9: 対象外 | W9: 1 | X9: 4600 | Z9: 放課後等デイサービス（重症心身障害児以外） | AA9: 10 | AB9: 45474 | AC9: 45838 | AD9: 放課後等デイサービス きららステム西冠 | AE9: 放課後等デイサービス（重症心身障害児以外） | AF9: 5 | AG9: 45748 | AH9: 45838
A10: 本郷 麻佑 | B10: =SUBSTITUTE(REPLACE(A10,1,1,"〇"),MID(A10,LEN(A10)-1,1),"〇") -> 〇郷 〇佑 | C10: ホンゴウ マユウ | D10: =SUBSTITUTE(REPLACE(C10,1,1,"〇"),MID(C10,LEN(C10)-1,1),"〇") -> 〇ンゴウ マ〇ウ | E10: 認定済 | F10: 272070 | G10: 高槻市 | H10: 8551024469 | I10: 45096 | J10: 45474 | K10: 45838 | L10: 本郷 駿匠 | M10: =SUBSTITUTE(REPLACE(L10,1,1,"〇"),MID(L10,LEN(L10)-1,1),"〇") -> 〇郷 〇匠 | N10: ホンゴウ シュンタ | O10: =SUBSTITUTE(REPLACE(N10,1,1,"〇"),MID(N10,LEN(N10)-1,1),"〇") -> 〇〇ゴウ シュ〇タ | P10: 男 | Q10: 39946 | R10: 45108 | S10: 対象外 | T10: 対象 | U10: 対象外 | V10: 対象外 | W10: 1 | X10: 0 | Z10: 放課後等デイサービス（重症心身障害児以外） | AA10: 18 | AB10: 45474 | AD10: 放課後等デイサービス きららステム西冠 | AE10: 放課後等デイサービス（重症心身障害児以外） | AF10: 5 | AG10: 45474 | AI10: 相談支援事業所すずらん
A11: 増尾 智宏 | B11: =SUBSTITUTE(REPLACE(A11,1,1,"〇"),MID(A11,LEN(A11)-1,1),"〇") -> 〇尾 〇宏 | C11: マスオ トモヒロ | D11: =SUBSTITUTE(REPLACE(C11,1,1,"〇"),MID(C11,LEN(C11)-1,1),"〇") -> 〇スオ トモ〇ロ | E11: 認定済 | F11: 272070 | G11: 高槻市 | H11: 8551011664 | I11: 45098 | J11: 45474 | K11: 45838 | L11: 増尾 颯斗 | M11: =SUBSTITUTE(REPLACE(L11,1,1,"〇"),MID(L11,LEN(L11)-1,1),"〇") -> 〇尾 〇斗 | N11: マスオ ハヤト | O11: =SUBSTITUTE(REPLACE(N11,1,1,"〇"),MID(N11,LEN(N11)-1,1),"〇") -> 〇スオ ハ〇ト | P11: 男 | Q11: 40675 | R11: 43887 | S11: 対象外 | T11: 対象外 | U11: 対象外 | V11: 対象外 | W11: 1 | X11: 4600 | Y11: 放課後等デイサービス きららステム西冠 | Z11: 放課後等デイサービス（重症心身障害児以外） | AA11: 10 | AB11: 45474 | AD11: 放課後等デイサービス きららステム西冠 | AE11: 放課後等デイサービス（重症心身障害児以外） | AF11: 5 | AG11: 45474 | AI11: こども相談支援センターwish
A12: 松田 みずほ | B12: =SUBSTITUTE(REPLACE(A12,1,1,"〇"),MID(A12,LEN(A12)-1,1),"〇") -> 〇田 み〇ほ | C12: マツダ ミズホ | D12: =SUBSTITUTE(REPLACE(C12,1,1,"〇"),MID(C12,LEN(C12)-1,1),"〇") -> 〇ツダ ミ〇ホ | E12: 認定済 | F12: 272070 | G12: 高槻市 | H12: 8551022505 | J12: 45474 | K12: 45838 | L12: 松田 悠希 | M12: =SUBSTITUTE(REPLACE(L12,1,1,"〇"),MID(L12,LEN(L12)-1,1),"〇") -> 〇田 〇希 | N12: マツダ ユウキ | O12: =SUBSTITUTE(REPLACE(N12,1,1,"〇"),MID(N12,LEN(N12)-1,1),"〇") -> 〇ツダ ユ〇キ | P12: 男 | Q12: 41053 | R12: 45748 | S12: 対象外 | T12: 対象外 | U12: 対象外 | V12: 対象外 | W12: 1 | X12: 4600 | Z12: 放課後等デイサービス（重症心身障害児以外） | AA12: 10 | AB12: 45474 | AD12: 放課後等デイサービス きららステム西冠 | AE12: 放課後等デイサービス（重症心身障害児以外） | AF12: 5 | AG12: 45725
A13: 山本 木綿子 | B13: =SUBSTITUTE(REPLACE(A13,1,1,"〇"),MID(A13,LEN(A13)-1,1),"〇") -> 〇本 木〇子 | C13: ヤマモト ユウコ | D13: =SUBSTITUTE(REPLACE(C13,1,1,"〇"),MID(C13,LEN(C13)-1,1),"〇") -> 〇マモト ユ〇コ | E13: 認定済 | F13: 272070 | G13: 高槻市 | H13: 8551024170 | J13: 45474 | K13: 45838 | L13: 山本 佑成 | M13: =SUBSTITUTE(REPLACE(L13,1,1,"〇"),MID(L13,LEN(L13)-1,1),"〇") -> 〇本 〇成 | N13: ヤマモト ユウセイ | O13: =SUBSTITUTE(REPLACE(N13,1,1,"〇"),MID(N13,LEN(N13)-1,1),"〇") -> 〇マモト ユウ〇イ | P13: 男 | Q13: 42137 | R13: 44639 | S13: 対象外 | T13: 対象外 | U13: 対象外 | V13: 対象外 | W13: 1 | X13: 4600 | Y13: 放課後等デイサービス きららステム西冠 | Z13: 放課後等デイサービス（重症心身障害児以外） | AA13: 14 | AB13: 45474 | AD13: 放課後等デイサービス きららステム西冠 | AE13: 放課後等デイサービス（重症心身障害児以外） | AF13: 5 | AG13: 45474 | AI13: こども相談支援センターwish
A14: 大矢 博美 | B14: =SUBSTITUTE(REPLACE(A14,1,1,"〇"),MID(A14,LEN(A14)-1,1),"〇") -> 〇矢 〇美 | C14: オオヤ ヒロミ | D14: =SUBSTITUTE(REPLACE(C14,1,1,"〇"),MID(C14,LEN(C14)-1,1),"〇") -> 〇オヤ ヒ〇ミ | E14: 認定済 | F14: 272070 | G14: 高槻市 | H14: 8551056057 | I14: 45120 | J14: 45505 | K14: 45869 | L14: 大矢 莉穂 | M14: =SUBSTITUTE(REPLACE(L14,1,1,"〇"),MID(L14,LEN(L14)-1,1),"〇") -> 〇矢 〇穂 | N14: オオヤ リホ | O14: =SUBSTITUTE(REPLACE(N14,1,1,"〇"),MID(N14,LEN(N14)-1,1),"〇") -> 〇オヤ 〇ホ | P14: 女 | Q14: 41815 | R14: 44713 | S14: 対象外 | T14: 対象外 | U14: 対象外 | V14: 対象外 | W14: 1 | X14: 4600 | Y14: 放課後等デイサービス きららステム西冠 | Z14: 放課後等デイサービス（重症心身障害児以外） | AA14: 14 | AB14: 45505 | AD14: 放課後等デイサービス きららステム西冠 | AE14: 放課後等デイサービス（重症心身障害児以外） | AF14: 10 | AG14: 45505
A15: 川上 春菜 | B15: =SUBSTITUTE(REPLACE(A15,1,1,"〇"),MID(A15,LEN(A15)-1,1),"〇") -> 〇上 〇菜 | C15: カワカミ ハルナ | D15: =SUBSTITUTE(REPLACE(C15,1,1,"〇"),MID(C15,LEN(C15)-1,1),"〇") -> 〇ワカミ ハ〇ナ | E15: 認定済 | F15: 272070 | G15: 高槻市 | H15: 8551020822 | J15: 45505 | K15: 45869 | L15: 川上 遼太 | M15: =SUBSTITUTE(REPLACE(L15,1,1,"〇"),MID(L15,LEN(L15)-1,1),"〇") -> 〇上 〇太 | N15: カワカミ リョウタ | O15: =SUBSTITUTE(REPLACE(N15,1,1,"〇"),MID(N15,LEN(N15)-1,1),"〇") -> 〇ワカミ リョ〇タ | P15: 男 | Q15: 41817 | R15: 44899 | S15: 対象外 | T15: 対象 | U15: 対象外 | V15: 対象外 | W15: 1 | X15: 37200 | Z15: 放課後等デイサービス（重症心身障害児以外） | AA15: 14 | AB15: 45505 | AD15: 放課後等デイサービス きららステム西冠 | AE15: 放課後等デイサービス（重症心身障害児以外） | AF15: 5 | AG15: 45505 | AI15: 聖ヨハネ子どもセンター
A16: 川元 美穂 | B16: =SUBSTITUTE(REPLACE(A16,1,1,"〇"),MID(A16,LEN(A16)-1,1),"〇") -> 〇元 〇穂 | C16: カワモト ミホ | D16: =SUBSTITUTE(REPLACE(C16,1,1,"〇"),MID(C16,LEN(C16)-1,1),"〇") -> 〇ワモト 〇ホ | E16: 認定済 | F16: 272070 | G16: 高槻市 | H16: 8551018982 | J16: 45505 | K16: 45869 | L16: 川元 舜太 | M16: =SUBSTITUTE(REPLACE(L16,1,1,"〇"),MID(L16,LEN(L16)-1,1),"〇") -> 〇元 〇太 | N16: カワモト シュンタ | O16: =SUBSTITUTE(REPLACE(N16,1,1,"〇"),MID(N16,LEN(N16)-1,1),"〇") -> 〇ワモト シュ〇タ | P16: 男 | Q16: 41813 | R16: 45748 | S16: 対象外 | T16: 対象 | U16: 対象外 | V16: 対象外 | W16: 1 | X16: 4600 | Y16: 放課後等デイサービス きららステム西冠 | Z16: 放課後等デイサービス（重症心身障害児以外） | AA16: 14 | AB16: 45505 | AD16: 放課後等デイサービス きららステム西冠 | AE16: 放課後等デイサービス（重症心身障害児以外） | AF16: 5 | AG16: 45725 | AI16: 相談支援事業所すずらん
A17: 寺迫 愛 | B17: =SUBSTITUTE(REPLACE(A17,1,1,"〇"),MID(A17,LEN(A17)-1,1),"〇") -> 〇迫〇愛 | C17: テラサコ アイ | D17: =SUBSTITUTE(REPLACE(C17,1,1,"〇"),MID(C17,LEN(C17)-1,1),"〇") -> 〇ラサコ 〇イ | E17: 認定済 | F17: 272070 | G17: 高槻市 | H17: 8551025862 | I17: 45120 | J17: 45505 | K17: 45869 | L17: 寺迫 紡 | M17: =SUBSTITUTE(REPLACE(L17,1,1,"〇"),MID(L17,LEN(L17)-1,1),"〇") -> 〇迫〇紡 | N17: テラサコ ツムグ | O17: =SUBSTITUTE(REPLACE(N17,1,1,"〇"),MID(N17,LEN(N17)-1,1),"〇") -> 〇ラサコ ツ〇グ | P17: 男 | Q17: 42179 | R17: 45017 | S17: 対象外 | T17: 対象外 | U17: 対象外 | V17: 対象外 | W17: 1 | X17: 4600 | Y17: 放課後等デイサービス きららステム西冠 | Z17: 放課後等デイサービス（重症心身障害児以外） | AA17: 10 | AB17: 45505 | AD17: 放課後等デイサービス きららステム西冠 | AE17: 放課後等デイサービス（重症心身障害児以外） | AF17: 5 | AG17: 45505
A18: 樋口 広美 | B18: =SUBSTITUTE(REPLACE(A18,1,1,"〇"),MID(A18,LEN(A18)-1,1),"〇") -> 〇口 〇美 | C18: ヒグチ ヒロミ | D18: =SUBSTITUTE(REPLACE(C18,1,1,"〇"),MID(C18,LEN(C18)-1,1),"〇") -> 〇グチ ヒ〇ミ | E18: 認定済 | F18: 272070 | G18: 高槻市 | H18: 8551025623 | J18: 45505 | K18: 45869 | L18: 樋口 瑛己 | M18: =SUBSTITUTE(REPLACE(L18,1,1,"〇"),MID(L18,LEN(L18)-1,1),"〇") -> 〇口 〇己 | N18: ヒグチ エイキ | O18: =SUBSTITUTE(REPLACE(N18,1,1,"〇"),MID(N18,LEN(N18)-1,1),"〇") -> 〇グチ エ〇キ | P18: 男 | Q18: 42529 | R18: 45567 | S18: 対象外 | T18: 対象外 | U18: 対象外 | V18: 対象外 | W18: 1 | X18: 37200 | Z18: 放課後等デイサービス（重症心身障害児以外） | AA18: 10 | AB18: 45505 | AC18: 45869 | AD18: 放課後等デイサービス きららステム西冠 | AE18: 放課後等デイサービス（重症心身障害児以外） | AF18: 4 | AG18: 45560 | AH18: 45869
A19: 村山 智美 | B19: =SUBSTITUTE(REPLACE(A19,1,1,"〇"),MID(A19,LEN(A19)-1,1),"〇") -> 〇山 〇美 | C19: ムラヤマ トモミ | D19: =SUBSTITUTE(REPLACE(C19,1,1,"〇"),MID(C19,LEN(C19)-1,1),"〇") -> 〇ラヤマ ト〇ミ | E19: 認定済 | F19: 272070 | G19: 高槻市 | H19: 8551034005 | I19: 45138 | J19: 45505 | K19: 45869 | L19: 村山 海渡 | M19: =SUBSTITUTE(REPLACE(L19,1,1,"〇"),MID(L19,LEN(L19)-1,1),"〇") -> 〇山 〇渡 | N19: ムラヤマ カイト | O19: =SUBSTITUTE(REPLACE(N19,1,1,"〇"),MID(N19,LEN(N19)-1,1),"〇") -> 〇ラヤマ カ〇ト | P19: 男 | Q19: 42548 | R19: 44996 | S19: 対象外 | T19: 対象外 | U19: 対象外 | V19: 対象外 | W19: 1 | X19: 4600 | Y19: 放課後等デイサービス きららステム西冠 | Z19: 放課後等デイサービス（重症心身障害児以外） | AA19: 10 | AB19: 45505 | AD19: 放課後等デイサービス きららステム西冠 | AE19: 放課後等デイサービス（重症心身障害児以外） | AF19: 5 | AG19: 45505
A20: 山口 久恵 | B20: =SUBSTITUTE(REPLACE(A20,1,1,"〇"),MID(A20,LEN(A20)-1,1),"〇") -> 〇口 〇恵 | C20: ヤマクチ ヒサエ | D20: =SUBSTITUTE(REPLACE(C20,1,1,"〇"),MID(C20,LEN(C20)-1,1),"〇") -> 〇マクチ ヒ〇エ | E20: 認定済 | F20: 272070 | G20: 高槻市 | H20: 8551052338 | J20: 45505 | K20: 45869 | L20: 山口 岳 | M20: =SUBSTITUTE(REPLACE(L20,1,1,"〇"),MID(L20,LEN(L20)-1,1),"〇") -> 〇口〇岳 | N20: ヤマクチ ガク | O20: =SUBSTITUTE(REPLACE(N20,1,1,"〇"),MID(N20,LEN(N20)-1,1),"〇") -> 〇マクチ 〇ク | P20: 男 | Q20: 42178 | R20: 45748 | S20: 対象外 | T20: 対象外 | U20: 対象外 | V20: 対象外 | W20: 1 | X20: 4600 | Y20: 放課後等デイサービス きららステム西冠 | Z20: 放課後等デイサービス（重症心身障害児以外） | AA20: 10 | AB20: 45505 | AD20: 放課後等デイサービス きららステム西冠 | AE20: 放課後等デイサービス（重症心身障害児以外） | AF20: 5 | AG20: 45505
A21: 藤本 祐太 | B21: =SUBSTITUTE(REPLACE(A21,1,1,"〇"),MID(A21,LEN(A21)-1,1),"〇") -> 〇本 〇太 | C21: フジモト ユウタ | D21: =SUBSTITUTE(REPLACE(C21,1,1,"〇"),MID(C21,LEN(C21)-1,1),"〇") -> 〇ジモト ユ〇タ | E21: 認定済 | F21: 272112 | G21: 茨木市 | H21: 5000032598 | I21: 45135 | J21: 45536 | K21: 45869 | L21: 藤本 悠希 | M21: =SUBSTITUTE(REPLACE(L21,1,1,"〇"),MID(L21,LEN(L21)-1,1),"〇") -> 〇本 〇希 | N21: フジモト ユウキ | O21: =SUBSTITUTE(REPLACE(N21,1,1,"〇"),MID(N21,LEN(N21)-1,1),"〇") -> 〇ジモト ユ〇キ | P21: 男 | Q21: 42206 | R21: 44779 | S21: 対象外 | T21: 対象 | U21: 対象外 | V21: 対象外 | W21: 1 | X21: 4600 | Y21: なないろStudy | Z21: 放課後等デイサービス（重症心身障害児以外） | AA21: 10 | AB21: 45536 | AD21: 放課後等デイサービス きららステム西冠 | AE21: 放課後等デイサービス（重症心身障害児以外） | AF21: 2 | AG21: 45536
A22: 井上 拓巳 | B22: =SUBSTITUTE(REPLACE(A22,1,1,"〇"),MID(A22,LEN(A22)-1,1),"〇") -> 〇上 〇巳 | C22: イノウエ タクミ | D22: =SUBSTITUTE(REPLACE(C22,1,1,"〇"),MID(C22,LEN(C22)-1,1),"〇") -> 〇ノウエ タ〇ミ | E22: 認定済 | F22: 272070 | G22: 高槻市 | H22: 8551033858 | J22: 45536 | K22: 45900 | L22: 井上 蒼介 | M22: =SUBSTITUTE(REPLACE(L22,1,1,"〇"),MID(L22,LEN(L22)-1,1),"〇") -> 〇上 〇介 | N22: イノウエ ソウスケ | O22: =SUBSTITUTE(REPLACE(N22,1,1,"〇"),MID(N22,LEN(N22)-1,1),"〇") -> 〇ノウエ ソウ〇ケ | P22: 男 | Q22: 40738 | R22: 45748 | S22: 対象外 | T22: 対象外 | U22: 対象外 | V22: 対象外 | W22: 1 | X22: 4600 | Z22: 放課後等デイサービス（重症心身障害児以外） | AA22: 10 | AB22: 45536 | AD22: 放課後等デイサービス きららステム西冠 | AE22: 放課後等デイサービス（重症心身障害児以外） | AF22: 5 | AG22: 45725
A23: 大内 由香 | B23: =SUBSTITUTE(REPLACE(A23,1,1,"〇"),MID(A23,LEN(A23)-1,1),"〇") -> 〇内 〇香 | C23: オオウチ ユカ | D23: =SUBSTITUTE(REPLACE(C23,1,1,"〇"),MID(C23,LEN(C23)-1,1),"〇") -> 〇オウチ 〇カ | E23: 認定済 | F23: 272070 | G23: 高槻市 | H23: 8551028445 | J23: 45536 | K23: 45900 | L23: 大内 博登 | M23: =SUBSTITUTE(REPLACE(L23,1,1,"〇"),MID(L23,LEN(L23)-1,1),"〇") -> 〇内 〇登 | N23: オオウチ ヒロト | O23: =SUBSTITUTE(REPLACE(N23,1,1,"〇"),MID(N23,LEN(N23)-1,1),"〇") -> 〇オウチ ヒ〇ト | P23: 男 | Q23: 42201 | R23: 45748 | S23: 対象外 | T23: 対象外 | U23: 対象外 | V23: 対象外 | W23: 1 | X23: 37200 | Z23: 放課後等デイサービス（重症心身障害児以外） | AA23: 10 | AB23: 45536 | AC23: 45900 | AD23: 放課後等デイサービス きららステム西冠 | AE23: 放課後等デイサービス（重症心身障害児以外） | AF23: 5 | AG23: 45536 | AH23: 45900
A24: 沖田 亜梨沙 | B24: =SUBSTITUTE(REPLACE(A24,1,1,"〇"),MID(A24,LEN(A24)-1,1),"〇") -> 〇田 亜〇沙 | C24: オキタ アリサ | D24: =SUBSTITUTE(REPLACE(C24,1,1,"〇"),MID(C24,LEN(C24)-1,1),"〇") -> 〇キタ ア〇サ | E24: 認定済 | F24: 272070 | G24: 高槻市 | H24: 8551004636 | I24: 45156 | J24: 45536 | K24: 45900 | L24: 沖田 蒼真 | M24: =SUBSTITUTE(REPLACE(L24,1,1,"〇"),MID(L24,LEN(L24)-1,1),"〇") -> 〇田 〇真 | N24: オキタ ソウマ | O24: =SUBSTITUTE(REPLACE(N24,1,1,"〇"),MID(N24,LEN(N24)-1,1),"〇") -> 〇キタ ソ〇マ | P24: 男 | Q24: 39652 | R24: 45170 | S24: 対象外 | T24: 対象 | U24: 対象外 | V24: 対象外 | W24: 1 | X24: 4600 | Y24: 放課後等デイサービス きららステム西冠 | Z24: 放課後等デイサービス（重症心身障害児以外） | AA24: 23 | AB24: 45536 | AD24: 放課後等デイサービス きららステム西冠 | AE24: 放課後等デイサービス（重症心身障害児以外） | AF24: 5 | AG24: 45536 | AI24: 相談支援事業所おれんじ
A25: 神農 真由子 | B25: =SUBSTITUTE(REPLACE(A25,1,1,"〇"),MID(A25,LEN(A25)-1,1),"〇") -> 〇農 真〇子 | C25: カンノ マユコ | D25: =SUBSTITUTE(REPLACE(C25,1,1,"〇"),MID(C25,LEN(C25)-1,1),"〇") -> 〇ンノ マ〇コ | E25: 認定済 | F25: 272070 | G25: 高槻市 | H25: 8551062253 | J25: 45536 | K25: 45900 | L25: 神農 叶芽 | M25: =SUBSTITUTE(REPLACE(L25,1,1,"〇"),MID(L25,LEN(L25)-1,1),"〇") -> 〇農 〇芽 | N25: カンノ カナメ | O25: =SUBSTITUTE(REPLACE(N25,1,1,"〇"),MID(N25,LEN(N25)-1,1),"〇") -> 〇ンノ カ〇メ | P25: 男 | Q25: 42208 | R25: 45748 | S25: 対象外 | T25: 対象 | U25: 対象外 | V25: 対象外 | W25: 1 | X25: 4600 | Z25: 放課後等デイサービス（重症心身障害児以外） | AA25: 14 | AB25: 45536 | AD25: 放課後等デイサービス きららステム西冠 | AE25: 放課後等デイサービス（重症心身障害児以外） | AF25: 5 | AG25: 45725
A26: 河野 美貴子 | B26: =SUBSTITUTE(REPLACE(A26,1,1,"〇"),MID(A26,LEN(A26)-1,1),"〇") -> 〇野 美〇子 | C26: コウノ ミキコ | D26: =SUBSTITUTE(REPLACE(C26,1,1,"〇"),MID(C26,LEN(C26)-1,1),"〇") -> 〇ウノ ミ〇コ | E26: 認定済 | F26: 272070 | G26: 高槻市 | H26: 8551066601 | I26: 45478 | J26: 45536 | K26: 45900 | L26: 河野 圭悟 | M26: =SUBSTITUTE(REPLACE(L26,1,1,"〇"),MID(L26,LEN(L26)-1,1),"〇") -> 〇野 〇悟 | N26: コウノ ケイゴ | O26: =SUBSTITUTE(REPLACE(N26,1,1,"〇"),MID(N26,LEN(N26)-1,1),"〇") -> 〇ウノ ケ〇ゴ | P26: 男 | Q26: 42216 | R26: 45489 | S26: 対象外 | T26: 対象外 | U26: 対象外 | V26: 対象外 | W26: 1 | X26: 37200 | Z26: 放課後等デイサービス（重症心身障害児以外） | AA26: 10 | AB26: 45536 | AD26: 放課後等デイサービス きららステム西冠 | AE26: 放課後等デイサービス（重症心身障害児以外） | AF26: 5 | AG26: 45536
A27: 野﨑 賜 | B27: =SUBSTITUTE(REPLACE(A27,1,1,"〇"),MID(A27,LEN(A27)-1,1),"〇") -> 〇﨑〇賜 | C27: ノザキ メグム | D27: =SUBSTITUTE(REPLACE(C27,1,1,"〇"),MID(C27,LEN(C27)-1,1),"〇") -> 〇ザキ メ〇ム | E27: 認定済 | F27: 272070 | G27: 高槻市 | H27: 8551059853 | I27: 45383 | J27: 45536 | K27: 45900 | L27: 野﨑 瑞 | M27: =SUBSTITUTE(REPLACE(L27,1,1,"〇"),MID(L27,LEN(L27)-1,1),"〇") -> 〇﨑〇瑞 | N27: ノザキ スイ | O27: =SUBSTITUTE(REPLACE(N27,1,1,"〇"),MID(N27,LEN(N27)-1,1),"〇") -> 〇ザキ 〇イ | P27: 男 | Q27: 42945 | R27: 45383 | S27: 対象外 | T27: 対象外 | U27: 対象外 | V27: 対象外 | W27: 1 | X27: 4600 | Y27: 放課後等デイサービス きららステム西冠 | Z27: 放課後等デイサービス（重症心身障害児以外） | AA27: 10 | AB27: 45536 | AD27: 放課後等デイサービス きららステム西冠 | AE27: 放課後等デイサービス（重症心身障害児以外） | AF27: 5 | AG27: 45536
A28: 森本 響子 | B28: =SUBSTITUTE(REPLACE(A28,1,1,"〇"),MID(A28,LEN(A28)-1,1),"〇") -> 〇本 〇子 | C28: モリモト キョウコ | D28: =SUBSTITUTE(REPLACE(C28,1,1,"〇"),MID(C28,LEN(C28)-1,1),"〇") -> 〇リモト キョ〇コ | E28: 認定済 | F28: 272070 | G28: 高槻市 | H28: 8551028254 | J28: 45536 | K28: 45900 | L28: 森本 凱翔 | M28: =SUBSTITUTE(REPLACE(L28,1,1,"〇"),MID(L28,LEN(L28)-1,1),"〇") -> 〇本 〇翔 | N28: モリモト ヨシト | O28: =SUBSTITUTE(REPLACE(N28,1,1,"〇"),MID(N28,LEN(N28)-1,1),"〇") -> 〇リモト ヨ〇ト | P28: 男 | Q28: 41837 | R28: 45748 | S28: 対象外 | T28: 対象外 | U28: 対象外 | V28: 対象外 | W28: 1 | X28: 4600 | Y28: 放課後等デイサービス きららステム西冠 | Z28: 放課後等デイサービス（重症心身障害児以外） | AA28: 10 | AB28: 45536 | AD28: 放課後等デイサービス きららステム西冠 | AE28: 放課後等デイサービス（重症心身障害児以外） | AF28: 5 | AG28: 45725
A29: 渡邉 智香子 | B29: =SUBSTITUTE(REPLACE(A29,1,1,"〇"),MID(A29,LEN(A29)-1,1),"〇") -> 〇邉 智〇子 | C29: ワタナベ チカコ | D29: =SUBSTITUTE(REPLACE(C29,1,1,"〇"),MID(C29,LEN(C29)-1,1),"〇") -> 〇タナベ チ〇コ | E29: 認定済 | F29: 272070 | G29: 高槻市 | H29: 8551013009 | J29: 45536 | K29: 45900 | L29: 渡邉 尊 | M29: =SUBSTITUTE(REPLACE(L29,1,1,"〇"),MID(L29,LEN(L29)-1,1),"〇") -> 〇邉〇尊 | N29: ワタナベ タケル | O29: =SUBSTITUTE(REPLACE(N29,1,1,"〇"),MID(N29,LEN(N29)-1,1),"〇") -> 〇タナベ タ〇ル | P29: 男 | Q29: 41458 | R29: 43936 | S29: 対象外 | T29: 対象外 | U29: 対象外 | V29: 対象外 | W29: 1 | X29: 4600 | Y29: 放課後等デイサービス きららステム西冠 | Z29: 放課後等デイサービス（重症心身障害児以外） | AA29: 14 | AB29: 45536 | AD29: 放課後等デイサービス きららステム西冠 | AE29: 放課後等デイサービス（重症心身障害児以外） | AF29: 4 | AG29: 45536 | AI29: 聖ヨハネ子どもセンター
A30: 村野 博信 | B30: =SUBSTITUTE(REPLACE(A30,1,1,"〇"),MID(A30,LEN(A30)-1,1),"〇") -> 〇野 〇信 | C30: ムラノ ヒロノブ | D30: =SUBSTITUTE(REPLACE(C30,1,1,"〇"),MID(C30,LEN(C30)-1,1),"〇") -> 〇ラ〇 ヒロ〇ブ | E30: 認定済 | F30: 272070 | G30: 高槻市 | H30: 8551002879 | I30: 45555 | J30: 45566 | K30: 45747 | L30: 村野 智紀 | M30: =SUBSTITUTE(REPLACE(L30,1,1,"〇"),MID(L30,LEN(L30)-1,1),"〇") -> 〇野 〇紀 | N30: ムラノ トモキ | O30: =SUBSTITUTE(REPLACE(N30,1,1,"〇"),MID(N30,LEN(N30)-1,1),"〇") -> 〇ラノ ト〇キ | P30: 男 | Q30: 38941 | R30: 44007 | S30: 対象外 | T30: 対象外 | U30: 対象外 | V30: 対象外 | W30: 1 | X30: 4600 | Z30: 放課後等デイサービス（重症心身障害児以外） | AA30: 10 | AB30: 45566 | AD30: 放課後等デイサービス きららステム西冠 | AE30: 放課後等デイサービス（重症心身障害児以外） | AF30: 5 | AG30: 45566
A31: 秋山 文子 | B31: =SUBSTITUTE(REPLACE(A31,1,1,"〇"),MID(A31,LEN(A31)-1,1),"〇") -> 〇山 〇子 | C31: アキヤマ フミコ | D31: =SUBSTITUTE(REPLACE(C31,1,1,"〇"),MID(C31,LEN(C31)-1,1),"〇") -> 〇キヤマ フ〇コ | E31: 認定済 | F31: 272070 | G31: 高槻市 | H31: 8551013686 | I31: 45560 | J31: 45566 | K31: 45930 | L31: 秋山 快翔 | M31: =SUBSTITUTE(REPLACE(L31,1,1,"〇"),MID(L31,LEN(L31)-1,1),"〇") -> 〇山 〇翔 | N31: アキヤマ カイト | O31: =SUBSTITUTE(REPLACE(N31,1,1,"〇"),MID(N31,LEN(N31)-1,1),"〇") -> 〇キヤマ カ〇ト | P31: 男 | Q31: 41490 | R31: 44323 | S31: 対象外 | T31: 対象外 | U31: 対象外 | V31: 対象外 | W31: 1 | X31: 37200 | Z31: 放課後等デイサービス（重症心身障害児以外） | AA31: 18 | AB31: 45566 | AD31: 放課後等デイサービス きららステム西冠 | AE31: 放課後等デイサービス（重症心身障害児以外） | AF31: 1 | AG31: 45566 | AI31: 相談支援室おひさま＋
A32: 熱田 薫 | B32: =SUBSTITUTE(REPLACE(A32,1,1,"〇"),MID(A32,LEN(A32)-1,1),"〇") -> 〇田〇薫 | C32: アツタ カオル | D32: =SUBSTITUTE(REPLACE(C32,1,1,"〇"),MID(C32,LEN(C32)-1,1),"〇") -> 〇ツタ カ〇ル | E32: 認定済 | F32: 272070 | G32: 高槻市 | H32: 8551008561 | I32: 45546 | J32: 45566 | K32: 45930 | L32: 熱田 波音 | M32: =SUBSTITUTE(REPLACE(L32,1,1,"〇"),MID(L32,LEN(L32)-1,1),"〇") -> 〇田 〇音 | N32: アツタ ハルト | O32: =SUBSTITUTE(REPLACE(N32,1,1,"〇"),MID(N32,LEN(N32)-1,1),"〇") -> 〇ツタ ハ〇ト | P32: 男 | Q32: 40407 | R32: 45200 | S32: 対象外 | T32: 対象外 | U32: 対象外 | V32: 対象外 | W32: 1 | X32: 0 | Z32: 放課後等デイサービス（重症心身障害児以外） | AA32: 14 | AB32: 45566 | AD32: 放課後等デイサービス きららステム西冠 | AE32: 放課後等デイサービス（重症心身障害児以外） | AF32: 14 | AG32: 45566
A33: 網野 郁絵 | B33: =SUBSTITUTE(REPLACE(A33,1,1,"〇"),MID(A33,LEN(A33)-1,1),"〇") -> 〇野 〇絵 | C33: アミノ イクエ | D33: =SUBSTITUTE(REPLACE(C33,1,1,"〇"),MID(C33,LEN(C33)-1,1),"〇") -> 〇ミノ イ〇エ | E33: 認定済 | F33: 272070 | G33: 高槻市 | H33: 8551013389 | J33: 45566 | K33: 45930 | L33: 網野 晴 | M33: =SUBSTITUTE(REPLACE(L33,1,1,"〇"),MID(L33,LEN(L33)-1,1),"〇") -> 〇野〇晴 | N33: アミノ ハル | O33: =SUBSTITUTE(REPLACE(N33,1,1,"〇"),MID(N33,LEN(N33)-1,1),"〇") -> 〇ミノ 〇ル | P33: 男 | Q33: 41135 | R33: 45748 | S33: 対象外 | T33: 対象外 | U33: 対象外 | V33: 対象外 | W33: 1 | X33: 4600 | Z33: 放課後等デイサービス（重症心身障害児以外） | AA33: 10 | AB33: 45566 | AD33: 放課後等デイサービス きららステム西冠 | AE33: 放課後等デイサービス（重症心身障害児以外） | AF33: 5 | AG33: 45725 | AI33: 相談支援 チェリー・ハート
A34: 家里 夏子 | B34: =SUBSTITUTE(REPLACE(A34,1,1,"〇"),MID(A34,LEN(A34)-1,1),"〇") -> 〇里 〇子 | C34: イエサト ナツコ | D34: =SUBSTITUTE(REPLACE(C34,1,1,"〇"),MID(C34,LEN(C34)-1,1),"〇") -> 〇エサト ナ〇コ | E34: 認定済 | F34: 272070 | G34: 高槻市 | H34: 8551020749 | J34: 45566 | K34: 45930 | L34: 家里 義史 | M34: =SUBSTITUTE(REPLACE(L34,1,1,"〇"),MID(L34,LEN(L34)-1,1),"〇") -> 〇里 〇史 | N34: イエサト ヨシフミ | O34: =SUBSTITUTE(REPLACE(N34,1,1,"〇"),MID(N34,LEN(N34)-1,1),"〇") -> 〇エサト ヨシ〇ミ | P34: 男 | Q34: 41874 | R34: 45748 | S34: 対象外 | T34: 対象外 | U34: 対象外 | V34: 対象外 | W34: 1 | X34: 4600 | Z34: 放課後等デイサービス（重症心身障害児以外） | AA34: 10 | AB34: 45566 | AD34: 放課後等デイサービス きららステム西冠 | AE34: 放課後等デイサービス（重症心身障害児以外） | AF34: 5 | AG34: 45725 | AI34: 相談支援事業所すずらん
A35: 加藤 亜希子 | B35: =SUBSTITUTE(REPLACE(A35,1,1,"〇"),MID(A35,LEN(A35)-1,1),"〇") -> 〇藤 亜〇子 | C35: カトウ アキコ | D35: =SUBSTITUTE(REPLACE(C35,1,1,"〇"),MID(C35,LEN(C35)-1,1),"〇") -> 〇トウ ア〇コ | E35: 認定済 | F35: 272070 | G35: 高槻市 | H35: 8551052379 | J35: 45566 | K35: 45930 | L35: 加藤 雄人 | M35: =SUBSTITUTE(REPLACE(L35,1,1,"〇"),MID(L35,LEN(L35)-1,1),"〇") -> 〇藤 〇人 | N35: カトウ ユウト | O35: =SUBSTITUTE(REPLACE(N35,1,1,"〇"),MID(N35,LEN(N35)-1,1),"〇") -> 〇ト〇 ユ〇ト | P35: 男 | Q35: 41127 | R35: 45748 | S35: 対象外 | T35: 対象外 | U35: 対象外 | V35: 対象外 | W35: 1 | X35: 4600 | Y35: 放課後等デイサービス きららステム西冠 | Z35: 放課後等デイサービス（重症心身障害児以外） | AA35: 10 | AB35: 45566 | AD35: 放課後等デイサービス きららステム西冠 | AE35: 放課後等デイサービス（重症心身障害児以外） | AF35: 5 | AG35: 45725
A36: 高柳 綾 | B36: =SUBSTITUTE(REPLACE(A36,1,1,"〇"),MID(A36,LEN(A36)-1,1),"〇") -> 〇柳〇綾 | C36: タカヤナギ アヤ | D36: =SUBSTITUTE(REPLACE(C36,1,1,"〇"),MID(C36,LEN(C36)-1,1),"〇") -> 〇カヤナギ 〇ヤ | E36: 認定済 | F36: 272070 | G36: 高槻市 | H36: 8551005401 | I36: 45194 | J36: 45566 | K36: 45930 | L36: 高柳 一輝 | M36: =SUBSTITUTE(REPLACE(L36,1,1,"〇"),MID(L36,LEN(L36)-1,1),"〇") -> 〇柳 〇輝 | N36: タカヤナギ イツキ | O36: =SUBSTITUTE(REPLACE(N36,1,1,"〇"),MID(N36,LEN(N36)-1,1),"〇") -> 〇カヤナギ イ〇キ | P36: 男 | Q36: 40397 | R36: 44310 | S36: 対象外 | T36: 対象 | U36: 対象外 | V36: 対象外 | W36: 1 | X36: 4600 | Z36: 放課後等デイサービス（重症心身障害児以外） | AA36: 14 | AB36: 45566 | AD36: 放課後等デイサービス きららステム西冠 | AE36: 放課後等デイサービス（重症心身障害児以外） | AF36: 4 | AG36: 45566 | AI36: こども相談支援センターwish
A37: 中原 栄子 | B37: =SUBSTITUTE(REPLACE(A37,1,1,"〇"),MID(A37,LEN(A37)-1,1),"〇") -> 〇原 〇子 | C37: ナカハラ エイコ | D37: =SUBSTITUTE(REPLACE(C37,1,1,"〇"),MID(C37,LEN(C37)-1,1),"〇") -> 〇カハラ エ〇コ | E37: 認定済 | F37: 272070 | G37: 高槻市 | H37: 8551019758 | J37: 45566 | K37: 45930 | L37: 中原 蒼十朗 | M37: =SUBSTITUTE(REPLACE(L37,1,1,"〇"),MID(L37,LEN(L37)-1,1),"〇") -> 〇原 蒼〇朗 | N37: ナカハラ ソウジュウロウ | O37: =SUBSTITUTE(REPLACE(N37,1,1,"〇"),MID(N37,LEN(N37)-1,1),"〇") -> 〇カハラ ソウジュウ〇ウ | P37: 男 | Q37: 41875 | R37: 45748 | S37: 対象外 | T37: 対象外 | U37: 対象外 | V37: 対象外 | W37: 1 | X37: 4600 | Z37: 放課後等デイサービス（重症心身障害児以外） | AA37: 10 | AB37: 45566 | AD37: 放課後等デイサービス きららステム西冠 | AE37: 放課後等デイサービス（重症心身障害児以外） | AF37: 5 | AG37: 45725
A38: 藤井 朋世 | B38: =SUBSTITUTE(REPLACE(A38,1,1,"〇"),MID(A38,LEN(A38)-1,1),"〇") -> 〇井 〇世 | C38: フジイ トモヨ | D38: =SUBSTITUTE(REPLACE(C38,1,1,"〇"),MID(C38,LEN(C38)-1,1),"〇") -> 〇ジイ ト〇ヨ | E38: 認定済 | F38: 272070 | G38: 高槻市 | H38: 8551016374 | J38: 45566 | K38: 45930 | L38: 藤井 翔 | M38: =SUBSTITUTE(REPLACE(L38,1,1,"〇"),MID(L38,LEN(L38)-1,1),"〇") -> 〇井〇翔 | N38: フジイ カケル | O38: =SUBSTITUTE(REPLACE(N38,1,1,"〇"),MID(N38,LEN(N38)-1,1),"〇") -> 〇ジイ カ〇ル | P38: 男 | Q38: 41489 | R38: 43986 | S38: 対象外 | T38: 対象外 | U38: 対象外 | V38: 対象外 | W38: 1 | X38: 4600 | Y38: 放課後等デイサービス きららステム西冠 | Z38: 放課後等デイサービス（重症心身障害児以外） | AA38: 10 | AB38: 45566 | AD38: 放課後等デイサービス きららステム西冠 | AE38: 放課後等デイサービス（重症心身障害児以外） | AF38: 4 | AG38: 45566
A39: 藤井 朋世 | B39: =SUBSTITUTE(REPLACE(A39,1,1,"〇"),MID(A39,LEN(A39)-1,1),"〇") -> 〇井 〇世 | C39: フジイ トモヨ | D39: =SUBSTITUTE(REPLACE(C39,1,1,"〇"),MID(C39,LEN(C39)-1,1),"〇") -> 〇ジイ ト〇ヨ | E39: 認定済 | F39: 272070 | G39: 高槻市 | H39: 8551016382 | J39: 45566 | K39: 45930 | L39: 藤井 翼 | M39: =SUBSTITUTE(REPLACE(L39,1,1,"〇"),MID(L39,LEN(L39)-1,1),"〇") -> 〇井〇翼 | N39: フジイ ツバサ | O39: =SUBSTITUTE(REPLACE(N39,1,1,"〇"),MID(N39,LEN(N39)-1,1),"〇") -> 〇ジイ ツ〇サ | P39: 男 | Q39: 41489 | R39: 43986 | S39: 対象外 | T39: 対象外 | U39: 対象外 | V39: 対象外 | W39: 1 | X39: 4600 | Y39: 放課後等デイサービス きららステム西冠 | Z39: 放課後等デイサービス（重症心身障害児以外） | AA39: 10 | AB39: 45566 | AD39: 放課後等デイサービス きららステム西冠 | AE39: 放課後等デイサービス（重症心身障害児以外） | AF39: 4 | AG39: 45566
A40: 松村 珠代 | B40: =SUBSTITUTE(REPLACE(A40,1,1,"〇"),MID(A40,LEN(A40)-1,1),"〇") -> 〇村 〇代 | C40: マツムラ タマヨ | D40: =SUBSTITUTE(REPLACE(C40,1,1,"〇"),MID(C40,LEN(C40)-1,1),"〇") -> 〇ツムラ タ〇ヨ | E40: 認定済 | F40: 272070 | G40: 高槻市 | H40: 8551058061 | I40: 45546 | J40: 45566 | K40: 45930 | L40: 松村 一花 | M40: =SUBSTITUTE(REPLACE(L40,1,1,"〇"),MID(L40,LEN(L40)-1,1),"〇") -> 〇村 〇花 | N40: マツムラ イチカ | O40: =SUBSTITUTE(REPLACE(N40,1,1,"〇"),MID(N40,LEN(N40)-1,1),"〇") -> 〇ツムラ イ〇カ | P40: 女 | Q40: 41504 | R40: 45566 | S40: 対象外 | T40: 対象外 | U40: 対象外 | V40: 対象外 | W40: 1 | X40: 37200 | Z40: 放課後等デイサービス（重症心身障害児以外） | AA40: 10 | AB40: 45566 | AC40: 45930 | AD40: 放課後等デイサービス きららステム西冠 | AE40: 放課後等デイサービス（重症心身障害児以外） | AF40: 4 | AG40: 45566 | AH40: 45930
A41: 松本 豊美 | B41: =SUBSTITUTE(REPLACE(A41,1,1,"〇"),MID(A41,LEN(A41)-1,1),"〇") -> 〇本 〇美 | C41: マツモト トヨミ | D41: =SUBSTITUTE(REPLACE(C41,1,1,"〇"),MID(C41,LEN(C41)-1,1),"〇") -> 〇ツモト ト〇ミ | E41: 認定済 | F41: 272070 | G41: 高槻市 | H41: 8551021952 | I41: 45560 | J41: 45566 | K41: 45930 | L41: 松本 理佑 | M41: =SUBSTITUTE(REPLACE(L41,1,1,"〇"),MID(L41,LEN(L41)-1,1),"〇") -> 〇本 〇佑 | N41: マツモト リウ | O41: =SUBSTITUTE(REPLACE(N41,1,1,"〇"),MID(N41,LEN(N41)-1,1),"〇") -> 〇ツモト 〇ウ | P41: 男 | Q41: 41869 | R41: 45385 | S41: 対象外 | T41: 対象 | U41: 対象外 | V41: 対象外 | W41: 1 | X41: 37200 | Z41: 放課後等デイサービス（重症心身障害児以外） | AA41: 14 | AB41: 45566 | AD41: 放課後等デイサービス きららステム西冠 | AE41: 放課後等デイサービス（重症心身障害児以外） | AF41: 4 | AG41: 45566 | AI41: こども相談支援センターwish
A42: 森本 響子 | B42: =SUBSTITUTE(REPLACE(A42,1,1,"〇"),MID(A42,LEN(A42)-1,1),"〇") -> 〇本 〇子 | C42: モリモト キョウコ | D42: =SUBSTITUTE(REPLACE(C42,1,1,"〇"),MID(C42,LEN(C42)-1,1),"〇") -> 〇リモト キョ〇コ | E42: 認定済 | F42: 272070 | G42: 高槻市 | H42: 8551017554 | J42: 45566 | K42: 45930 | L42: 森本 雄詠 | M42: =SUBSTITUTE(REPLACE(L42,1,1,"〇"),MID(L42,LEN(L42)-1,1),"〇") -> 〇本 〇詠 | N42: モリモト ユウタ | O42: =SUBSTITUTE(REPLACE(N42,1,1,"〇"),MID(N42,LEN(N42)-1,1),"〇") -> 〇リモト ユ〇タ | P42: 男 | Q42: 41141 | R42: 45748 | S42: 対象外 | T42: 対象外 | U42: 対象外 | V42: 対象外 | W42: 1 | X42: 4600 | Y42: 放課後等デイサービス きららステム西冠 | Z42: 放課後等デイサービス（重症心身障害児以外） | AA42: 10 | AB42: 45566 | AD42: 放課後等デイサービス きららステム西冠 | AE42: 放課後等デイサービス（重症心身障害児以外） | AF42: 5 | AG42: 45725
A43: 吉田 恵 | B43: =SUBSTITUTE(REPLACE(A43,1,1,"〇"),MID(A43,LEN(A43)-1,1),"〇") -> 〇田〇恵 | C43: ヨシダ メグミ | D43: =SUBSTITUTE(REPLACE(C43,1,1,"〇"),MID(C43,LEN(C43)-1,1),"〇") -> 〇シダ メ〇ミ | E43: 認定済 | F43: 272070 | G43: 高槻市 | H43: 8551025383 | J43: 45566 | K43: 45930 | L43: 吉田 航 | M43: =SUBSTITUTE(REPLACE(L43,1,1,"〇"),MID(L43,LEN(L43)-1,1),"〇") -> 〇田〇航 | N43: ヨシダ ワタル | O43: =SUBSTITUTE(REPLACE(N43,1,1,"〇"),MID(N43,LEN(N43)-1,1),"〇") -> 〇シダ ワ〇ル | P43: 男 | Q43: 42247 | R43: 45748 | S43: 対象外 | T43: 対象外 | U43: 対象外 | V43: 対象外 | W43: 1 | X43: 4600 | Z43: 放課後等デイサービス（重症心身障害児以外） | AA43: 10 | AB43: 45566 | AD43: 放課後等デイサービス きららステム西冠 | AE43: 放課後等デイサービス（重症心身障害児以外） | AF43: 5 | AG43: 45725
A44: 芳之内 幸美 | B44: =SUBSTITUTE(REPLACE(A44,1,1,"〇"),MID(A44,LEN(A44)-1,1),"〇") -> 〇之内 〇美 | C44: ヨシノウチ ユキミ | D44: =SUBSTITUTE(REPLACE(C44,1,1,"〇"),MID(C44,LEN(C44)-1,1),"〇") -> 〇シノウチ ユ〇ミ | E44: 認定済 | F44: 272070 | G44: 高槻市 | H44: 8551061537 | J44: 45566 | K44: 45930 | L44: 芳之内 一樹 | M44: =SUBSTITUTE(REPLACE(L44,1,1,"〇"),MID(L44,LEN(L44)-1,1),"〇") -> 〇之内 〇樹 | N44: ヨシノウチ カズキ | O44: =SUBSTITUTE(REPLACE(N44,1,1,"〇"),MID(N44,LEN(N44)-1,1),"〇") -> 〇シノウチ カ〇キ | P44: 男 | Q44: 42231 | R44: 45748 | S44: 対象外 | T44: 対象外 | U44: 対象外 | V44: 対象外 | W44: 1 | X44: 37200 | Z44: 放課後等デイサービス（重症心身障害児以外） | AA44: 10 | AB44: 45566 | AC44: 45930 | AD44: 放課後等デイサービス きららステム西冠 | AE44: 放課後等デイサービス（重症心身障害児以外） | AF44: 5 | AG44: 45566 | AH44: 45930
A45: 吉野 ひとみ | B45: =SUBSTITUTE(REPLACE(A45,1,1,"〇"),MID(A45,LEN(A45)-1,1),"〇") -> 〇野 ひ〇み | C45: ヨシノ ヒトミ | D45: =SUBSTITUTE(REPLACE(C45,1,1,"〇"),MID(C45,LEN(C45)-1,1),"〇") -> 〇シノ ヒ〇ミ | E45: 認定済 | F45: 272070 | G45: 高槻市 | H45: 8551010484 | I45: 45583 | J45: 45597 | K45: 45747 | L45: 吉野 佑哉 | M45: =SUBSTITUTE(REPLACE(L45,1,1,"〇"),MID(L45,LEN(L45)-1,1),"〇") -> 〇野 〇哉 | N45: ヨシノ ユウヤ | O45: =SUBSTITUTE(REPLACE(N45,1,1,"〇"),MID(N45,LEN(N45)-1,1),"〇") -> 〇シノ ユ〇ヤ | P45: 男 | Q45: 38982 | R45: 45231 | S45: 対象外 | T45: 対象外 | U45: 対象外 | V45: 対象外 | W45: 1 | X45: 0 | Z45: 放課後等デイサービス（重症心身障害児以外） | AA45: 14 | AB45: 45597 | AD45: 放課後等デイサービス きららステム西冠 | AE45: 放課後等デイサービス（重症心身障害児以外） | AF45: 10 | AG45: 45597 | AI45: 高槻市うの花療育園
A46: 天野 千寿子 | B46: =SUBSTITUTE(REPLACE(A46,1,1,"〇"),MID(A46,LEN(A46)-1,1),"〇") -> 〇野 千〇子 | C46: アマノ チズコ | D46: =SUBSTITUTE(REPLACE(C46,1,1,"〇"),MID(C46,LEN(C46)-1,1),"〇") -> 〇マノ チ〇コ | E46: 認定済 | F46: 272070 | G46: 高槻市 | H46: 8551060315 | I46: 45575 | J46: 45597 | K46: 45961 | L46: 天野 月子 | M46: =SUBSTITUTE(REPLACE(L46,1,1,"〇"),MID(L46,LEN(L46)-1,1),"〇") -> 〇野 〇子 | N46: アマノ ツキコ | O46: =SUBSTITUTE(REPLACE(N46,1,1,"〇"),MID(N46,LEN(N46)-1,1),"〇") -> 〇マノ ツ〇コ | P46: 女 | Q46: 42990 | R46: 45569 | S46: 対象外 | T46: 対象外 | U46: 対象外 | V46: 対象外 | W46: 1 | X46: 37200 | Z46: 放課後等デイサービス（重症心身障害児以外） | AA46: 10 | AB46: 45597 | AD46: 放課後等デイサービス きららステム西冠 | AE46: 放課後等デイサービス（重症心身障害児以外） | AF46: 5 | AG46: 45597
A47: 大井 貴美枝 | B47: =SUBSTITUTE(REPLACE(A47,1,1,"〇"),MID(A47,LEN(A47)-1,1),"〇") -> 〇井 貴〇枝 | C47: オオイ キミエ | D47: =SUBSTITUTE(REPLACE(C47,1,1,"〇"),MID(C47,LEN(C47)-1,1),"〇") -> 〇オイ キ〇エ | E47: 認定済 | F47: 272070 | G47: 高槻市 | H47: 8551013348 | I47: 45583 | J47: 45597 | K47: 45961 | L47: 大井 美郁 | M47: =SUBSTITUTE(REPLACE(L47,1,1,"〇"),MID(L47,LEN(L47)-1,1),"〇") -> 〇井 〇郁 | N47: オオイ ミイク | O47: =SUBSTITUTE(REPLACE(N47,1,1,"〇"),MID(N47,LEN(N47)-1,1),"〇") -> 〇オ〇 ミ〇ク | P47: 女 | Q47: 41544 | R47: 44866 | S47: 対象外 | T47: 対象 | U47: 対象外 | V47: 対象外 | W47: 1 | X47: 37200 | Z47: 放課後等デイサービス（重症心身障害児以外） | AA47: 18 | AB47: 45597 | AD47: 放課後等デイサービス きららステム西冠 | AE47: 放課後等デイサービス（重症心身障害児以外） | AF47: 10 | AG47: 45597 | AI47: 高槻市立療育園
A48: 地蔵原 真弓 | B48: =SUBSTITUTE(REPLACE(A48,1,1,"〇"),MID(A48,LEN(A48)-1,1),"〇") -> 〇蔵原 〇弓 | C48: ジゾウハラ マユミ | D48: =SUBSTITUTE(REPLACE(C48,1,1,"〇"),MID(C48,LEN(C48)-1,1),"〇") -> 〇ゾウハラ マ〇ミ | E48: 認定済 | F48: 272070 | G48: 高槻市 | H48: 8551007233 | I48: 45227 | J48: 45597 | K48: 45961 | L48: 地蔵原 湊大 | M48: =SUBSTITUTE(REPLACE(L48,1,1,"〇"),MID(L48,LEN(L48)-1,1),"〇") -> 〇蔵原 〇大 | N48: ジゾウハラ ソウタ | O48: =SUBSTITUTE(REPLACE(N48,1,1,"〇"),MID(N48,LEN(N48)-1,1),"〇") -> 〇ゾ〇ハラ ソ〇タ | P48: 男 | Q48: 39710 | R48: 44314 | S48: 対象外 | T48: 対象外 | U48: 対象外 | V48: 対象外 | W48: 1 | X48: 0 | Z48: 放課後等デイサービス（重症心身障害児以外） | AA48: 10 | AB48: 45597 | AD48: 放課後等デイサービス きららステム西冠 | AE48: 放課後等デイサービス（重症心身障害児以外） | AF48: 5 | AG48: 45597 | AI48: 聖ヨハネ子どもセンター
A49: 髙木 鮎美 | B49: =SUBSTITUTE(REPLACE(A49,1,1,"〇"),MID(A49,LEN(A49)-1,1),"〇") -> 〇木 〇美 | C49: タカギ アユミ | D49: =SUBSTITUTE(REPLACE(C49,1,1,"〇"),MID(C49,LEN(C49)-1,1),"〇") -> 〇カギ ア〇ミ | E49: 認定済 | F49: 272070 | G49: 高槻市 | H49: 8551050399 | I49: 45575 | J49: 45597 | K49: 45961 | L49: 髙木 慶吾 | M49: =SUBSTITUTE(REPLACE(L49,1,1,"〇"),MID(L49,LEN(L49)-1,1),"〇") -> 〇木 〇吾 | N49: タカギ ケイゴ | O49: =SUBSTITUTE(REPLACE(N49,1,1,"〇"),MID(N49,LEN(N49)-1,1),"〇") -> 〇カギ ケ〇ゴ | P49: 男 | Q49: 42614 | R49: 45531 | S49: 対象外 | T49: 対象外 | U49: 対象外 | V49: 対象外 | W49: 1 | X49: 4600 | Y49: 放課後等デイサービス きららステム西冠 | Z49: 放課後等デイサービス（重症心身障害児以外） | AA49: 14 | AB49: 45597 | AD49: 放課後等デイサービス きららステム西冠 | AE49: 放課後等デイサービス（重症心身障害児以外） | AF49: 5 | AG49: 45597
A50: 濱田 くみ | B50: =SUBSTITUTE(REPLACE(A50,1,1,"〇"),MID(A50,LEN(A50)-1,1),"〇") -> 〇田 〇み | C50: ハマダ クミ | D50: =SUBSTITUTE(REPLACE(C50,1,1,"〇"),MID(C50,LEN(C50)-1,1),"〇") -> 〇マダ 〇ミ | E50: 認定済 | F50: 272070 | G50: 高槻市 | H50: 8551013660 | I50: 45575 | J50: 45597 | K50: 45961 | L50: 濱田 梨愛 | M50: =SUBSTITUTE(REPLACE(L50,1,1,"〇"),MID(L50,LEN(L50)-1,1),"〇") -> 〇田 〇愛 | N50: ハマダ リア | O50: =SUBSTITUTE(REPLACE(N50,1,1,"〇"),MID(N50,LEN(N50)-1,1),"〇") -> 〇マダ 〇ア | P50: 女 | Q50: 41179 | R50: 45231 | S50: 対象外 | T50: 対象外 | U50: 対象外 | V50: 対象外 | W50: 1 | X50: 4600 | Z50: 放課後等デイサービス（重症心身障害児以外） | AA50: 10 | AB50: 45597 | AD50: 放課後等デイサービス きららステム西冠 | AE50: 放課後等デイサービス（重症心身障害児以外） | AF50: 5 | AG50: 45597 | AH50: 45747
A51: 満仲 絵里子 | B51: =SUBSTITUTE(REPLACE(A51,1,1,"〇"),MID(A51,LEN(A51)-1,1),"〇") -> 〇仲 絵〇子 | C51: ミツナカ エリコ | D51: =SUBSTITUTE(REPLACE(C51,1,1,"〇"),MID(C51,LEN(C51)-1,1),"〇") -> 〇ツナカ エ〇コ | E51: 認定済 | F51: 272070 | G51: 高槻市 | H51: 8551028023 | I51: 45575 | J51: 45597 | K51: 45961 | L51: 満仲 雄大 | M51: =SUBSTITUTE(REPLACE(L51,1,1,"〇"),MID(L51,LEN(L51)-1,1),"〇") -> 〇仲 〇大 | N51: ミツナカ ユウダイ | O51: =SUBSTITUTE(REPLACE(N51,1,1,"〇"),MID(N51,LEN(N51)-1,1),"〇") -> 〇ツナカ ユウ〇イ | P51: 男 | Q51: 42619 | R51: 45433 | S51: 対象外 | T51: 対象外 | U51: 対象外 | V51: 対象外 | W51: 1 | X51: 4600 | Y51: コペルプラスジュニア富田教室 | Z51: 放課後等デイサービス（重症心身障害児以外） | AA51: 10 | AB51: 45597 | AD51: 放課後等デイサービス きららステム西冠 | AE51: 放課後等デイサービス（重症心身障害児以外） | AF51: 4 | AG51: 45597
A52: 山本 木綿子 | B52: =SUBSTITUTE(REPLACE(A52,1,1,"〇"),MID(A52,LEN(A52)-1,1),"〇") -> 〇本 木〇子 | C52: ヤマモト ユウコ | D52: =SUBSTITUTE(REPLACE(C52,1,1,"〇"),MID(C52,LEN(C52)-1,1),"〇") -> 〇マモト ユ〇コ | E52: 認定済 | F52: 272070 | G52: 高槻市 | H52: 8551032322 | I52: 45575 | J52: 45597 | K52: 45961 | L52: 山本 梨瑚 | M52: =SUBSTITUTE(REPLACE(L52,1,1,"〇"),MID(L52,LEN(L52)-1,1),"〇") -> 〇本 〇瑚 | N52: ヤマモト リコ | O52: =SUBSTITUTE(REPLACE(N52,1,1,"〇"),MID(N52,LEN(N52)-1,1),"〇") -> 〇マモト 〇コ | P52: 女 | Q52: 43002 | R52: 45569 | S52: 対象外 | T52: 対象外 | U52: 対象外 | V52: 対象外 | W52: 1 | X52: 4600 | Y52: 放課後等デイサービス きららステム西冠 | Z52: 放課後等デイサービス（重症心身障害児以外） | AA52: 10 | AB52: 45597 | AD52: 放課後等デイサービス きららステム西冠 | AE52: 放課後等デイサービス（重症心身障害児以外） | AF52: 4 | AG52: 45597
A53: 山口 陽子 | B53: =SUBSTITUTE(REPLACE(A53,1,1,"〇"),MID(A53,LEN(A53)-1,1),"〇") -> 〇口 〇子 | C53: ヤマグチ ヨウコ | D53: =SUBSTITUTE(REPLACE(C53,1,1,"〇"),MID(C53,LEN(C53)-1,1),"〇") -> 〇マグチ ヨ〇コ | E53: 認定済 | F53: 272070 | G53: 高槻市 | H53: 8551069183 | J53: 45610 | K53: 45991 | L53: 山口 莉舞 | M53: =SUBSTITUTE(REPLACE(L53,1,1,"〇"),MID(L53,LEN(L53)-1,1),"〇") -> 〇口 〇舞 | N53: ヤマグチ リマ | O53: =SUBSTITUTE(REPLACE(N53,1,1,"〇"),MID(N53,LEN(N53)-1,1),"〇") -> 〇マグチ 〇マ | P53: 女 | Q53: 41575 | R53: 45772 | S53: 対象外 | T53: 対象外 | U53: 対象外 | V53: 対象外 | W53: 1 | X53: 4600 | Z53: 放課後等デイサービス（重症心身障害児以外） | AA53: 10 | AB53: 45610 | AD53: 放課後等デイサービス きららステム西冠 | AE53: 放課後等デイサービス（重症心身障害児以外） | AF53: 2 | AG53: 45610
A54: 筒水 葉子 | B54: =SUBSTITUTE(REPLACE(A54,1,1,"〇"),MID(A54,LEN(A54)-1,1),"〇") -> 〇水 〇子 | C54: ツツミズ ヨウコ | D54: =SUBSTITUTE(REPLACE(C54,1,1,"〇"),MID(C54,LEN(C54)-1,1),"〇") -> 〇ツミズ ヨ〇コ | E54: 認定済 | F54: 272070 | G54: 高槻市 | H54: 8551031142 | J54: 45627 | K54: 45747 | L54: 筒水 悠樹 | M54: =SUBSTITUTE(REPLACE(L54,1,1,"〇"),MID(L54,LEN(L54)-1,1),"〇") -> 〇水 〇樹 | N54: ツツミズ ユウキ | O54: =SUBSTITUTE(REPLACE(N54,1,1,"〇"),MID(N54,LEN(N54)-1,1),"〇") -> 〇ツミズ ユ〇キ | P54: 男 | Q54: 39014 | R54: 45238 | S54: 対象外 | T54: 対象外 | U54: 対象外 | V54: 対象外 | W54: 1 | X54: 4600 | Z54: 放課後等デイサービス（重症心身障害児以外） | AA54: 10 | AB54: 45627 | AC54: 45747 | AD54: 放課後等デイサービス きららステム西冠 | AE54: 放課後等デイサービス（重症心身障害児以外） | AF54: 10 | AG54: 45627 | AH54: 45747
A55: 小笠原 睦美 | B55: =SUBSTITUTE(REPLACE(A55,1,1,"〇"),MID(A55,LEN(A55)-1,1),"〇") -> 〇笠原 〇美 | C55: オガサハラ ムツミ | D55: =SUBSTITUTE(REPLACE(C55,1,1,"〇"),MID(C55,LEN(C55)-1,1),"〇") -> 〇ガサハラ ム〇ミ | E55: 認定済 | F55: 272070 | G55: 高槻市 | H55: 8551063459 | J55: 45627 | K55: 45991 | L55: 小笠原 駿 | M55: =SUBSTITUTE(REPLACE(L55,1,1,"〇"),MID(L55,LEN(L55)-1,1),"〇") -> 〇笠原〇駿 | N55: オガサハラ シュン | O55: =SUBSTITUTE(REPLACE(N55,1,1,"〇"),MID(N55,LEN(N55)-1,1),"〇") -> 〇ガサハラ シ〇ン | P55: 男 | Q55: 42288 | R55: 45748 | S55: 対象外 | T55: 対象外 | U55: 対象外 | V55: 対象外 | W55: 1 | X55: 4600 | Y55: 放課後等デイサービス きららステム西冠 | Z55: 放課後等デイサービス（重症心身障害児以外） | AA55: 10 | AB55: 45627 | AD55: 放課後等デイサービス きららステム西冠 | AE55: 放課後等デイサービス（重症心身障害児以外） | AF55: 5 | AG55: 45725
A56: 小見渕 郁乃 | B56: =SUBSTITUTE(REPLACE(A56,1,1,"〇"),MID(A56,LEN(A56)-1,1),"〇") -> 〇見渕 〇乃 | C56: オミブチ イクノ | D56: =SUBSTITUTE(REPLACE(C56,1,1,"〇"),MID(C56,LEN(C56)-1,1),"〇") -> 〇ミブチ イ〇ノ | E56: 認定済 | F56: 272070 | G56: 高槻市 | H56: 8551060232 | J56: 45627 | K56: 45991 | L56: 小見渕 統吾 | M56: =SUBSTITUTE(REPLACE(L56,1,1,"〇"),MID(L56,LEN(L56)-1,1),"〇") -> 〇見渕 〇吾 | N56: オミブチ トウゴ | O56: =SUBSTITUTE(REPLACE(N56,1,1,"〇"),MID(N56,LEN(N56)-1,1),"〇") -> 〇ミブチ ト〇ゴ | P56: 男 | Q56: 41575 | R56: 45029 | S56: 対象外 | T56: 対象外 | U56: 対象外 | V56: 対象外 | W56: 1 | X56: 4600 | Z56: 放課後等デイサービス（重症心身障害児以外） | AA56: 10 | AB56: 45627 | AD56: 放課後等デイサービス きららステム西冠 | AE56: 放課後等デイサービス（重症心身障害児以外） | AF56: 5 | AG56: 45627
A57: 鎌倉 麻沙美 | B57: =SUBSTITUTE(REPLACE(A57,1,1,"〇"),MID(A57,LEN(A57)-1,1),"〇") -> 〇倉 麻〇美 | C57: カマクラ マサミ | D57: =SUBSTITUTE(REPLACE(C57,1,1,"〇"),MID(C57,LEN(C57)-1,1),"〇") -> 〇マクラ マ〇ミ | E57: 認定済 | F57: 272070 | G57: 高槻市 | H57: 8551031209 | I57: 45610 | J57: 45627 | K57: 45991 | L57: 鎌倉 未来 | M57: =SUBSTITUTE(REPLACE(L57,1,1,"〇"),MID(L57,LEN(L57)-1,1),"〇") -> 〇倉 〇来 | N57: カマクラ ミクル | O57: =SUBSTITUTE(REPLACE(N57,1,1,"〇"),MID(N57,LEN(N57)-1,1),"〇") -> 〇マ〇ラ ミ〇ル | P57: 女 | Q57: 40460 | R57: 45261 | S57: 対象外 | T57: 対象外 | U57: 対象外 | V57: 対象外 | W57: 1 | X57: 37200 | Z57: 放課後等デイサービス（重症心身障害児以外） | AA57: 10 | AB57: 45627 | AD57: 放課後等デイサービス きららステム西冠 | AE57: 放課後等デイサービス（重症心身障害児以外） | AF57: 4 | AG57: 45627
A58: 川野 千沙子 | B58: =SUBSTITUTE(REPLACE(A58,1,1,"〇"),MID(A58,LEN(A58)-1,1),"〇") -> 〇野 千〇子 | C58: カワノ チサコ | D58: =SUBSTITUTE(REPLACE(C58,1,1,"〇"),MID(C58,LEN(C58)-1,1),"〇") -> 〇ワノ チ〇コ | E58: 認定済 | F58: 272070 | G58: 高槻市 | H58: 8551015319 | I58: 45257 | J58: 45627 | K58: 45991 | L58: 川野 智輝 | M58: =SUBSTITUTE(REPLACE(L58,1,1,"〇"),MID(L58,LEN(L58)-1,1),"〇") -> 〇野 〇輝 | N58: カワノ トモキ | O58: =SUBSTITUTE(REPLACE(N58,1,1,"〇"),MID(N58,LEN(N58)-1,1),"〇") -> 〇ワノ ト〇キ | P58: 男 | Q58: 41572 | R58: 44327 | S58: 対象外 | T58: 対象外 | U58: 対象外 | V58: 対象外 | W58: 1 | X58: 4600 | Y58: 放課後等デイサービス きららステム西冠 | Z58: 放課後等デイサービス（重症心身障害児以外） | AA58: 14 | AB58: 45627 | AD58: 放課後等デイサービス きららステム西冠 | AE58: 放課後等デイサービス（重症心身障害児以外） | AF58: 4 | AG58: 45627 | AI58: 相談支援 チェリー・ハート
A59: 中西 恵 | B59: =SUBSTITUTE(REPLACE(A59,1,1,"〇"),MID(A59,LEN(A59)-1,1),"〇") -> 〇西〇恵 | C59: ナカニシ メグミ | D59: =SUBSTITUTE(REPLACE(C59,1,1,"〇"),MID(C59,LEN(C59)-1,1),"〇") -> 〇カニシ メ〇ミ | E59: 認定済 | F59: 272070 | G59: 高槻市 | H59: 8551025888 | J59: 45627 | K59: 45991 | L59: 中西 玲偉 | M59: =SUBSTITUTE(REPLACE(L59,1,1,"〇"),MID(L59,LEN(L59)-1,1),"〇") -> 〇西 〇偉 | N59: ナカニシ レイ | O59: =SUBSTITUTE(REPLACE(N59,1,1,"〇"),MID(N59,LEN(N59)-1,1),"〇") -> 〇カニシ 〇イ | P59: 男 | Q59: 42278 | R59: 44652 | S59: 対象外 | T59: 対象外 | U59: 対象外 | V59: 対象外 | W59: 1 | X59: 37200 | Z59: 放課後等デイサービス（重症心身障害児以外） | AA59: 10 | AB59: 45627 | AD59: 放課後等デイサービス きららステム西冠 | AE59: 放課後等デイサービス（重症心身障害児以外） | AF59: 5 | AG59: 45627
A60: 中村 友里 | B60: =SUBSTITUTE(REPLACE(A60,1,1,"〇"),MID(A60,LEN(A60)-1,1),"〇") -> 〇村 〇里 | C60: ナカムラ ユリ | D60: =SUBSTITUTE(REPLACE(C60,1,1,"〇"),MID(C60,LEN(C60)-1,1),"〇") -> 〇カムラ 〇リ | E60: 認定済 | F60: 272070 | G60: 高槻市 | H60: 3100013873 | J60: 45627 | K60: 45991 | L60: 中村 大輝 | M60: =SUBSTITUTE(REPLACE(L60,1,1,"〇"),MID(L60,LEN(L60)-1,1),"〇") -> 〇村 〇輝 | N60: ナカムラ タイキ | O60: =SUBSTITUTE(REPLACE(N60,1,1,"〇"),MID(N60,LEN(N60)-1,1),"〇") -> 〇カムラ タ〇キ | P60: 男 | Q60: 39728 | R60: 45474 | S60: 対象外 | T60: 対象外 | U60: 対象外 | V60: 対象外 | W60: 1 | X60: 4600 | Z60: 放課後等デイサービス（重症心身障害児以外） | AA60: 10 | AB60: 45627 | AD60: 放課後等デイサービス きららステム西冠 | AE60: 放課後等デイサービス（重症心身障害児以外） | AF60: 4 | AG60: 45627 | AI60: 高槻市うの花療育園
A61: 松村 珠代 | B61: =SUBSTITUTE(REPLACE(A61,1,1,"〇"),MID(A61,LEN(A61)-1,1),"〇") -> 〇村 〇代 | C61: マツムラ タマヨ | D61: =SUBSTITUTE(REPLACE(C61,1,1,"〇"),MID(C61,LEN(C61)-1,1),"〇") -> 〇ツムラ タ〇ヨ | E61: 認定済 | F61: 272070 | G61: 高槻市 | H61: 8551056768 | I61: 45610 | J61: 45627 | K61: 45991 | L61: 松村 晴道 | M61: =SUBSTITUTE(REPLACE(L61,1,1,"〇"),MID(L61,LEN(L61)-1,1),"〇") -> 〇村 〇道 | N61: マツムラ ハルミチ | O61: =SUBSTITUTE(REPLACE(N61,1,1,"〇"),MID(N61,LEN(N61)-1,1),"〇") -> 〇ツムラ ハル〇チ | P61: 男 | Q61: 40470 | R61: 44959 | S61: 対象外 | T61: 対象 | U61: 対象外 | V61: 対象外 | W61: 1 | X61: 37200 | Z61: 放課後等デイサービス（重症心身障害児以外） | AA61: 10 | AB61: 45627 | AD61: 放課後等デイサービス きららステム西冠 | AE61: 放課後等デイサービス（重症心身障害児以外） | AF61: 1 | AG61: 45627
A62: 三浦 麻美 | B62: =SUBSTITUTE(REPLACE(A62,1,1,"〇"),MID(A62,LEN(A62)-1,1),"〇") -> 〇浦 〇美 | C62: ミウラ アサミ | D62: =SUBSTITUTE(REPLACE(C62,1,1,"〇"),MID(C62,LEN(C62)-1,1),"〇") -> 〇ウラ ア〇ミ | E62: 認定済 | F62: 272070 | G62: 高槻市 | H62: 8551025110 | J62: 45627 | K62: 45991 | L62: 三浦 峻二朗 | M62: =SUBSTITUTE(REPLACE(L62,1,1,"〇"),MID(L62,LEN(L62)-1,1),"〇") -> 〇浦 峻〇朗 | N62: ミウラ シュンジロウ | O62: =SUBSTITUTE(REPLACE(N62,1,1,"〇"),MID(N62,LEN(N62)-1,1),"〇") -> 〇ウラ シュンジ〇ウ | P62: 男 | Q62: 41938 | R62: 45725 | S62: 対象外 | T62: 対象外 | U62: 対象外 | V62: 対象外 | W62: 1 | X62: 37200 | Z62: 放課後等デイサービス（重症心身障害児以外） | AA62: 10 | AB62: 45627 | AD62: 放課後等デイサービス きららステム西冠 | AE62: 放課後等デイサービス（重症心身障害児以外） | AF62: 5 | AG62: 45725 | AI62: 相談支援事業所おれんじ
A63: 角 眞紀枝 | B63: =SUBSTITUTE(REPLACE(A63,1,1,"〇"),MID(A63,LEN(A63)-1,1),"〇") -> 〇 眞〇枝 | C63: スミ マキエ | D63: =SUBSTITUTE(REPLACE(C63,1,1,"〇"),MID(C63,LEN(C63)-1,1),"〇") -> 〇ミ マ〇エ | E63: 認定済 | F63: 272070 | G63: 高槻市 | H63: 8551027348 | J63: 45642 | K63: 46022 | L63: 角 朋樹 | M63: =SUBSTITUTE(REPLACE(L63,1,1,"〇"),MID(L63,LEN(L63)-1,1),"〇") -> 〇 〇樹 | N63: スミ トモキ | O63: =SUBSTITUTE(REPLACE(N63,1,1,"〇"),MID(N63,LEN(N63)-1,1),"〇") -> 〇ミ ト〇キ | P63: 男 | Q63: 41581 | R63: 45599 | S63: 対象外 | T63: 対象外 | U63: 対象外 | V63: 対象外 | W63: 1 | X63: 4600 | Z63: 放課後等デイサービス（重症心身障害児以外） | AA63: 10 | AB63: 45642 | AD63: 放課後等デイサービス きららステム西冠 | AE63: 放課後等デイサービス（重症心身障害児以外） | AF63: 5 | AG63: 45642
A64: 伊藤 麻紀子 | B64: =SUBSTITUTE(REPLACE(A64,1,1,"〇"),MID(A64,LEN(A64)-1,1),"〇") -> 〇藤 麻〇子 | C64: イトウ マキコ | D64: =SUBSTITUTE(REPLACE(C64,1,1,"〇"),MID(C64,LEN(C64)-1,1),"〇") -> 〇トウ マ〇コ | E64: 認定済 | F64: 272070 | G64: 高槻市 | H64: 8551011714 | J64: 45658 | K64: 46022 | L64: 伊藤 実乃里 | M64: =SUBSTITUTE(REPLACE(L64,1,1,"〇"),MID(L64,LEN(L64)-1,1),"〇") -> 〇藤 実〇里 | N64: イトウ ミノリ | O64: =SUBSTITUTE(REPLACE(N64,1,1,"〇"),MID(N64,LEN(N64)-1,1),"〇") -> 〇トウ ミ〇リ | P64: 女 | Q64: 41243 | R64: 45748 | S64: 対象外 | T64: 対象外 | U64: 対象外 | V64: 対象外 | W64: 1 | X64: 4600 | Z64: 放課後等デイサービス（重症心身障害児以外） | AA64: 10 | AB64: 45658 | AD64: 放課後等デイサービス きららステム西冠 | AE64: 放課後等デイサービス（重症心身障害児以外） | AF64: 5 | AG64: 45725
A65: 神前 葉瑠香 | B65: =SUBSTITUTE(REPLACE(A65,1,1,"〇"),MID(A65,LEN(A65)-1,1),"〇") -> 〇前 葉〇香 | C65: コウザキ ハルカ | D65: =SUBSTITUTE(REPLACE(C65,1,1,"〇"),MID(C65,LEN(C65)-1,1),"〇") -> 〇ウザキ ハ〇カ | E65: 認定済 | F65: 272070 | G65: 高槻市 | H65: 8551059523 | I65: 45268 | J65: 45658 | K65: 46022 | L65: 神前 琉伎 | M65: =SUBSTITUTE(REPLACE(L65,1,1,"〇"),MID(L65,LEN(L65)-1,1),"〇") -> 〇前 〇伎 | N65: コウザキ リキ | O65: =SUBSTITUTE(REPLACE(N65,1,1,"〇"),MID(N65,LEN(N65)-1,1),"〇") -> 〇ウザキ 〇キ | P65: 男 | Q65: 42327 | R65: 45017 | S65: 対象外 | T65: 対象外 | U65: 対象外 | V65: 対象外 | W65: 1 | X65: 4600 | Y65: 輝 | Z65: 放課後等デイサービス（重症心身障害児以外） | AA65: 14 | AB65: 45658 | AD65: 放課後等デイサービス きららステム西冠 | AE65: 放課後等デイサービス（重症心身障害児以外） | AF65: 5 | AG65: 45658
A66: 清水 宰 | B66: =SUBSTITUTE(REPLACE(A66,1,1,"〇"),MID(A66,LEN(A66)-1,1),"〇") -> 〇水〇宰 | C66: シミズ ツカサ | D66: =SUBSTITUTE(REPLACE(C66,1,1,"〇"),MID(C66,LEN(C66)-1,1),"〇") -> 〇ミズ ツ〇サ | E66: 認定済 | F66: 272112 | G66: 茨木市 | H66: 5000018944 | J66: 45658 | K66: 46022 | L66: 清水 悠 | M66: =SUBSTITUTE(REPLACE(L66,1,1,"〇"),MID(L66,LEN(L66)-1,1),"〇") -> 〇水〇悠 | N66: シミズ ハルカ | O66: =SUBSTITUTE(REPLACE(N66,1,1,"〇"),MID(N66,LEN(N66)-1,1),"〇") -> 〇ミズ ハ〇カ | P66: 男 | Q66: 41271 | R66: 45748 | S66: 対象外 | T66: 対象外 | U66: 対象外 | V66: 対象外 | W66: 1 | X66: 4600 | Y66: ひまわり | Z66: 放課後等デイサービス（重症心身障害児以外） | AA66: 14 | AB66: 45658 | AD66: 放課後等デイサービス きららステム西冠 | AE66: 放課後等デイサービス（重症心身障害児以外） | AF66: 5 | AG66: 45725
A67: 武山 明菜 | B67: =SUBSTITUTE(REPLACE(A67,1,1,"〇"),MID(A67,LEN(A67)-1,1),"〇") -> 〇山 〇菜 | C67: タケヤマ アキナ | D67: =SUBSTITUTE(REPLACE(C67,1,1,"〇"),MID(C67,LEN(C67)-1,1),"〇") -> 〇ケヤマ ア〇ナ | E67: 認定済 | F67: 272070 | G67: 高槻市 | H67: 8551005179 | J67: 45658 | K67: 46022 | L67: 武山 紘太朗 | M67: =SUBSTITUTE(REPLACE(L67,1,1,"〇"),MID(L67,LEN(L67)-1,1),"〇") -> 〇山 紘〇朗 | N67: タケヤマ コウタロウ | O67: =SUBSTITUTE(REPLACE(N67,1,1,"〇"),MID(N67,LEN(N67)-1,1),"〇") -> 〇ケヤマ コウタ〇ウ | P67: 男 | Q67: 40493 | R67: 43893 | S67: 対象外 | T67: 対象 | U67: 対象外 | V67: 対象外 | W67: 1 | X67: 4600 | Z67: 放課後等デイサービス（重症心身障害児以外） | AA67: 18 | AB67: 45658 | AD67: 放課後等デイサービス きららステム西冠 | AE67: 放課後等デイサービス（重症心身障害児以外） | AF67: 10 | AG67: 45658 | AI67: 聖ヨハネ子どもセンター
A68: 春木 早百合 | B68: =SUBSTITUTE(REPLACE(A68,1,1,"〇"),MID(A68,LEN(A68)-1,1),"〇") -> 〇木 早〇合 | C68: ハルキ サユリ | D68: =SUBSTITUTE(REPLACE(C68,1,1,"〇"),MID(C68,LEN(C68)-1,1),"〇") -> 〇ルキ サ〇リ | E68: 認定済 | F68: 272070 | G68: 高槻市 | H68: 8551013678 | I68: 45630 | J68: 45658 | K68: 46022 | L68: 春木 嶺汰 | M68: =SUBSTITUTE(REPLACE(L68,1,1,"〇"),MID(L68,LEN(L68)-1,1),"〇") -> 〇木 〇汰 | N68: ハルキ リヨウタ | O68: =SUBSTITUTE(REPLACE(N68,1,1,"〇"),MID(N68,LEN(N68)-1,1),"〇") -> 〇ルキ リヨ〇タ | P68: 男 | Q68: 40485 | R68: 43886 | S68: 対象外 | T68: 対象外 | U68: 対象外 | V68: 対象外 | W68: 1 | X68: 4600 | Z68: 放課後等デイサービス（重症心身障害児以外） | AA68: 10 | AB68: 45658 | AD68: 放課後等デイサービス きららステム西冠 | AE68: 放課後等デイサービス（重症心身障害児以外） | AF68: 5 | AG68: 45658
A69: 柳井 春江 | B69: =SUBSTITUTE(REPLACE(A69,1,1,"〇"),MID(A69,LEN(A69)-1,1),"〇") -> 〇井 〇江 | C69: ヤナイ ハルエ | D69: =SUBSTITUTE(REPLACE(C69,1,1,"〇"),MID(C69,LEN(C69)-1,1),"〇") -> 〇ナイ ハ〇エ | E69: 認定済 | F69: 272070 | G69: 高槻市 | H69: 8551017950 | I69: 46015 | J69: 45658 | K69: 46022 | L69: 柳井 琢磨 | M69: =SUBSTITUTE(REPLACE(L69,1,1,"〇"),MID(L69,LEN(L69)-1,1),"〇") -> 〇井 〇磨 | N69: ヤナイ タクマ | O69: =SUBSTITUTE(REPLACE(N69,1,1,"〇"),MID(N69,LEN(N69)-1,1),"〇") -> 〇ナイ タ〇マ | P69: 男 | Q69: 41233 | R69: 44310 | S69: 対象外 | T69: 対象外 | U69: 対象外 | V69: 対象外 | W69: 1 | X69: 4600 | Y69: 放課後等デイサービス きららステム西冠 | Z69: 放課後等デイサービス（重症心身障害児以外） | AA69: 18 | AB69: 45658 | AD69: 放課後等デイサービス きららステム西冠 | AE69: 放課後等デイサービス（重症心身障害児以外） | AF69: 5 | AG69: 45658 | AI69: 相談支援事業所おれんじ
A70: 松井 幸子 | B70: =SUBSTITUTE(REPLACE(A70,1,1,"〇"),MID(A70,LEN(A70)-1,1),"〇") -> 〇井 〇子 | C70: マツイ ユキコ | D70: =SUBSTITUTE(REPLACE(C70,1,1,"〇"),MID(C70,LEN(C70)-1,1),"〇") -> 〇ツイ ユ〇コ | E70: 認定済 | F70: 272070 | G70: 高槻市 | H70: 8551024022 | J70: 45663 | K70: 46022 | L70: 松井 亮弥 | M70: =SUBSTITUTE(REPLACE(L70,1,1,"〇"),MID(L70,LEN(L70)-1,1),"〇") -> 〇井 〇弥 | N70: マツイ リョウヤ | O70: =SUBSTITUTE(REPLACE(N70,1,1,"〇"),MID(N70,LEN(N70)-1,1),"〇") -> 〇ツイ リョ〇ヤ | P70: 男 | Q70: 42324 | R70: 45748 | S70: 対象外 | T70: 対象外 | U70: 対象外 | V70: 対象外 | W70: 1 | X70: 0 | Z70: 放課後等デイサービス（重症心身障害児以外） | AA70: 23 | AB70: 45663 | AD70: 放課後等デイサービス きららステム西冠 | AE70: 放課後等デイサービス（重症心身障害児以外） | AF70: 5 | AG70: 45725 | AI70: 相談支援事業所すずらん
A71: 石原 由紀子 | B71: =SUBSTITUTE(REPLACE(A71,1,1,"〇"),MID(A71,LEN(A71)-1,1),"〇") -> 〇原 由〇子 | C71: イシハラ ユキコ | D71: =SUBSTITUTE(REPLACE(C71,1,1,"〇"),MID(C71,LEN(C71)-1,1),"〇") -> 〇シハラ ユ〇コ | E71: 認定済 | F71: 272070 | G71: 高槻市 | H71: 8551027173 | I71: 45301 | J71: 45689 | K71: 46053 | L71: 石原 悠晴 | M71: =SUBSTITUTE(REPLACE(L71,1,1,"〇"),MID(L71,LEN(L71)-1,1),"〇") -> 〇原 〇晴 | N71: イシハラ ユウセイ | O71: =SUBSTITUTE(REPLACE(N71,1,1,"〇"),MID(N71,LEN(N71)-1,1),"〇") -> 〇シハラ ユウ〇イ | P71: 男 | Q71: 42353 | R71: 44679 | S71: 対象外 | T71: 対象外 | U71: 対象外 | V71: 対象外 | W71: 1 | X71: 4600 | Y71: 放課後等デイサービス きららステム西冠 | Z71: 放課後等デイサービス（重症心身障害児以外） | AA71: 14 | AB71: 45689 | AD71: 放課後等デイサービス きららステム西冠 | AE71: 放課後等デイサービス（重症心身障害児以外） | AF71: 5 | AG71: 45689
A72: 伊藤 真菜 | B72: =SUBSTITUTE(REPLACE(A72,1,1,"〇"),MID(A72,LEN(A72)-1,1),"〇") -> 〇藤 〇菜 | C72: イトウ マナ | D72: =SUBSTITUTE(REPLACE(C72,1,1,"〇"),MID(C72,LEN(C72)-1,1),"〇") -> 〇トウ 〇ナ | E72: 認定済 | F72: 272070 | G72: 高槻市 | H72: 8551020079 | I72: 45301 | J72: 45689 | K72: 46053 | L72: 伊藤 夏向 | M72: =SUBSTITUTE(REPLACE(L72,1,1,"〇"),MID(L72,LEN(L72)-1,1),"〇") -> 〇藤 〇向 | N72: イトウ カナタ | O72: =SUBSTITUTE(REPLACE(N72,1,1,"〇"),MID(N72,LEN(N72)-1,1),"〇") -> 〇トウ カ〇タ | P72: 男 | Q72: 41977 | R72: 44744 | S72: 対象外 | T72: 対象外 | U72: 対象外 | V72: 対象外 | W72: 1 | X72: 4600 | Z72: 放課後等デイサービス（重症心身障害児以外） | AA72: 10 | AB72: 45689 | AD72: 放課後等デイサービス きららステム西冠 | AE72: 放課後等デイサービス（重症心身障害児以外） | AF72: 5 | AG72: 45689
A73: 今西 由佳 | B73: =SUBSTITUTE(REPLACE(A73,1,1,"〇"),MID(A73,LEN(A73)-1,1),"〇") -> 〇西 〇佳 | C73: イマニシ ユカ | D73: =SUBSTITUTE(REPLACE(C73,1,1,"〇"),MID(C73,LEN(C73)-1,1),"〇") -> 〇マニシ 〇カ | E73: 認定済 | F73: 272070 | G73: 高槻市 | H73: 8551014809 | J73: 45689 | K73: 46053 | L73: 今西 芽生 | M73: =SUBSTITUTE(REPLACE(L73,1,1,"〇"),MID(L73,LEN(L73)-1,1),"〇") -> 〇西 〇生 | N73: イマニシ メイ | O73: =SUBSTITUTE(REPLACE(N73,1,1,"〇"),MID(N73,LEN(N73)-1,1),"〇") -> 〇マニシ 〇イ | P73: 女 | Q73: 40887 | R73: 45748 | S73: 対象外 | T73: 対象外 | U73: 対象外 | V73: 対象外 | W73: 1 | X73: 4600 | Z73: 放課後等デイサービス（重症心身障害児以外） | AA73: 14 | AB73: 45689 | AD73: 放課後等デイサービス きららステム西冠 | AE73: 放課後等デイサービス（重症心身障害児以外） | AF73: 5 | AG73: 45725 | AI73: 相談支援 チェリー・ハート
A74: 上浦 智美 | B74: =SUBSTITUTE(REPLACE(A74,1,1,"〇"),MID(A74,LEN(A74)-1,1),"〇") -> 〇浦 〇美 | C74: ウエウラ トモミ | D74: =SUBSTITUTE(REPLACE(C74,1,1,"〇"),MID(C74,LEN(C74)-1,1),"〇") -> 〇エウラ ト〇ミ | E74: 認定済 | F74: 272070 | G74: 高槻市 | H74: 8551051462 | J74: 45689 | K74: 46053 | L74: 上浦 弘貴 | M74: =SUBSTITUTE(REPLACE(L74,1,1,"〇"),MID(L74,LEN(L74)-1,1),"〇") -> 〇浦 〇貴 | N74: ウエウラ ヒロキ | O74: =SUBSTITUTE(REPLACE(N74,1,1,"〇"),MID(N74,LEN(N74)-1,1),"〇") -> 〇エウラ ヒ〇キ | P74: 男 | Q74: 42362 | R74: 44989 | S74: 対象外 | T74: 対象 | U74: 対象外 | V74: 対象外 | W74: 1 | X74: 4600 | Y74: ぽっぽ児童サービス | Z74: 放課後等デイサービス（重症心身障害児以外） | AA74: 10 | AB74: 45689 | AD74: 放課後等デイサービス きららステム西冠 | AE74: 放課後等デイサービス（重症心身障害児以外） | AF74: 5 | AG74: 45689
A75: 遠藤 里香 | B75: =SUBSTITUTE(REPLACE(A75,1,1,"〇"),MID(A75,LEN(A75)-1,1),"〇") -> 〇藤 〇香 | C75: エンドウ リカ | D75: =SUBSTITUTE(REPLACE(C75,1,1,"〇"),MID(C75,LEN(C75)-1,1),"〇") -> 〇ンドウ 〇カ | E75: 認定済 | F75: 272070 | G75: 高槻市 | H75: 8551031696 | J75: 45689 | K75: 46053 | L75: 遠藤 蒼太 | M75: =SUBSTITUTE(REPLACE(L75,1,1,"〇"),MID(L75,LEN(L75)-1,1),"〇") -> 〇藤 〇太 | N75: エンドウ ソウタ | O75: =SUBSTITUTE(REPLACE(N75,1,1,"〇"),MID(N75,LEN(N75)-1,1),"〇") -> 〇ンド〇 ソ〇タ | P75: 男 | Q75: 43085 | R75: 45748 | S75: 対象外 | T75: 対象外 | U75: 対象外 | V75: 対象外 | W75: 1 | X75: 37200 | Z75: 放課後等デイサービス（重症心身障害児以外） | AA75: 10 | AB75: 45689 | AD75: 放課後等デイサービス きららステム西冠 | AE75: 放課後等デイサービス（重症心身障害児以外） | AF75: 5 | AG75: 45689
A76: 甲斐 江理 | B76: =SUBSTITUTE(REPLACE(A76,1,1,"〇"),MID(A76,LEN(A76)-1,1),"〇") -> 〇斐 〇理 | C76: カイ エリ | D76: =SUBSTITUTE(REPLACE(C76,1,1,"〇"),MID(C76,LEN(C76)-1,1),"〇") -> 〇イ 〇リ | E76: 認定済 | F76: 272070 | G76: 高槻市 | H76: 8551017224 | J76: 45689 | K76: 46053 | L76: 甲斐 友惺 | M76: =SUBSTITUTE(REPLACE(L76,1,1,"〇"),MID(L76,LEN(L76)-1,1),"〇") -> 〇斐 〇惺 | N76: カイ ユウセイ | O76: =SUBSTITUTE(REPLACE(N76,1,1,"〇"),MID(N76,LEN(N76)-1,1),"〇") -> 〇イ ユウ〇イ | P76: 男 | Q76: 40897 | R76: 45748 | S76: 対象外 | T76: 対象外 | U76: 対象外 | V76: 対象外 | W76: 1 | X76: 4600 | Y76: 放課後等デイサービス きららステム西冠 | Z76: 放課後等デイサービス（重症心身障害児以外） | AA76: 10 | AB76: 45658 | AD76: 放課後等デイサービス きららステム西冠 | AE76: 放課後等デイサービス（重症心身障害児以外） | AF76: 5 | AG76: 45725
A77: 川路 千恵 | B77: =SUBSTITUTE(REPLACE(A77,1,1,"〇"),MID(A77,LEN(A77)-1,1),"〇") -> 〇路 〇恵 | C77: カワジ チエ | D77: =SUBSTITUTE(REPLACE(C77,1,1,"〇"),MID(C77,LEN(C77)-1,1),"〇") -> 〇ワジ 〇エ | E77: 認定済 | F77: 272070 | G77: 高槻市 | H77: 8551017380 | I77: 45301 | J77: 45689 | K77: 46053 | L77: 川路 拓夢 | M77: =SUBSTITUTE(REPLACE(L77,1,1,"〇"),MID(L77,LEN(L77)-1,1),"〇") -> 〇路 〇夢 | N77: カワジ タクム | O77: =SUBSTITUTE(REPLACE(N77,1,1,"〇"),MID(N77,LEN(N77)-1,1),"〇") -> 〇ワジ タ〇ム | P77: 男 | Q77: 40891 | R77: 44499 | S77: 対象外 | T77: 対象外 | U77: 対象外 | V77: 対象外 | W77: 1 | X77: 37200 | Z77: 放課後等デイサービス（重症心身障害児以外） | AA77: 10 | AB77: 45689 | AD77: 放課後等デイサービス きららステム西冠 | AE77: 放課後等デイサービス（重症心身障害児以外） | AF77: 5 | AG77: 45689
A78: 高松 日歩美 | B78: =SUBSTITUTE(REPLACE(A78,1,1,"〇"),MID(A78,LEN(A78)-1,1),"〇") -> 〇松 日〇美 | C78: タカマツ ヒフミ | D78: =SUBSTITUTE(REPLACE(C78,1,1,"〇"),MID(C78,LEN(C78)-1,1),"〇") -> 〇カマツ ヒ〇ミ | E78: 認定済 | F78: 272070 | G78: 高槻市 | H78: 8551033163 | J78: 45689 | K78: 46053 | L78: 高松 奏 | M78: =SUBSTITUTE(REPLACE(L78,1,1,"〇"),MID(L78,LEN(L78)-1,1),"〇") -> 〇松〇奏 | N78: タカマツ ソウ | O78: =SUBSTITUTE(REPLACE(N78,1,1,"〇"),MID(N78,LEN(N78)-1,1),"〇") -> 〇カマツ 〇ウ | P78: 男 | Q78: 42350 | R78: 45748 | S78: 対象外 | T78: 対象外 | U78: 対象外 | V78: 対象外 | W78: 1 | X78: 4600 | Z78: 放課後等デイサービス（重症心身障害児以外） | AA78: 10 | AB78: 45689 | AC78: 46053 | AD78: 放課後等デイサービス きららステム西冠 | AE78: 放課後等デイサービス（重症心身障害児以外） | AF78: 5 | AG78: 45725 | AH78: 46053
A79: 辻 里沙 | B79: =SUBSTITUTE(REPLACE(A79,1,1,"〇"),MID(A79,LEN(A79)-1,1),"〇") -> 〇 〇沙 | C79: ツジ リサ | D79: =SUBSTITUTE(REPLACE(C79,1,1,"〇"),MID(C79,LEN(C79)-1,1),"〇") -> 〇ジ 〇サ | E79: 認定済 | F79: 272070 | G79: 高槻市 | H79: 8551026563 | J79: 45689 | K79: 46053 | L79: 辻 航史朗 | M79: =SUBSTITUTE(REPLACE(L79,1,1,"〇"),MID(L79,LEN(L79)-1,1),"〇") -> 〇 航〇朗 | N79: ツジ コウシロウ | O79: =SUBSTITUTE(REPLACE(N79,1,1,"〇"),MID(N79,LEN(N79)-1,1),"〇") -> 〇ジ コウシ〇ウ | P79: 男 | Q79: 41634 | R79: 45390 | S79: 対象外 | T79: 対象外 | U79: 対象外 | V79: 対象外 | W79: 1 | X79: 4600 | Y79: 放課後等デイサービス きららステム西冠 | Z79: 放課後等デイサービス（重症心身障害児以外） | AA79: 10 | AB79: 45689 | AD79: 放課後等デイサービス きららステム西冠 | AE79: 放課後等デイサービス（重症心身障害児以外） | AF79: 4 | AG79: 45689
A80: 富岡 和子 | B80: =SUBSTITUTE(REPLACE(A80,1,1,"〇"),MID(A80,LEN(A80)-1,1),"〇") -> 〇岡 〇子 | C80: トミオカ カズコ | D80: =SUBSTITUTE(REPLACE(C80,1,1,"〇"),MID(C80,LEN(C80)-1,1),"〇") -> 〇ミオカ カ〇コ | E80: 認定済 | F80: 272070 | G80: 高槻市 | H80: 8551025409 | I80: 45665 | J80: 45689 | K80: 46053 | L80: 富岡 響希 | M80: =SUBSTITUTE(REPLACE(L80,1,1,"〇"),MID(L80,LEN(L80)-1,1),"〇") -> 〇岡 〇希 | N80: トミオカ ヒビキ | O80: =SUBSTITUTE(REPLACE(N80,1,1,"〇"),MID(N80,LEN(N80)-1,1),"〇") -> 〇ミオカ ヒ〇キ | P80: 女 | Q80: 41611 | R80: 44309 | S80: 対象外 | T80: 対象外 | U80: 対象外 | V80: 対象外 | W80: 1 | X80: 4600 | Y80: 放課後等デイサービス きららステム西冠 | Z80: 放課後等デイサービス（重症心身障害児以外） | AA80: 10 | AB80: 45689 | AD80: 放課後等デイサービス きららステム西冠 | AE80: 放課後等デイサービス（重症心身障害児以外） | AF80: 5 | AG80: 45689
A81: 内藤 有由美 | B81: =SUBSTITUTE(REPLACE(A81,1,1,"〇"),MID(A81,LEN(A81)-1,1),"〇") -> 〇藤 有〇美 | C81: ナイトウ アユミ | D81: =SUBSTITUTE(REPLACE(C81,1,1,"〇"),MID(C81,LEN(C81)-1,1),"〇") -> 〇イトウ ア〇ミ | E81: 認定済 | F81: 272070 | G81: 高槻市 | H81: 8551019725 | J81: 45689 | K81: 46053 | L81: 内藤 聡祐 | M81: =SUBSTITUTE(REPLACE(L81,1,1,"〇"),MID(L81,LEN(L81)-1,1),"〇") -> 〇藤 〇祐 | N81: ナイトウ ソウスケ | O81: =SUBSTITUTE(REPLACE(N81,1,1,"〇"),MID(N81,LEN(N81)-1,1),"〇") -> 〇イトウ ソウ〇ケ | P81: 男 | Q81: 41993 | R81: 45748 | S81: 対象外 | T81: 対象外 | U81: 対象外 | V81: 対象外 | W81: 1 | X81: 4600 | Y81: リコリズム | Z81: 放課後等デイサービス（重症心身障害児以外） | AA81: 14 | AB81: 45689 | AD81: 放課後等デイサービス きららステム西冠 | AE81: 放課後等デイサービス（重症心身障害児以外） | AF81: 5 | AG81: 45744 | AI81: 相談支援事業所すずらん
A82: 林 純子 | B82: =SUBSTITUTE(REPLACE(A82,1,1,"〇"),MID(A82,LEN(A82)-1,1),"〇") -> 〇 〇子 | C82: ハヤシ ジユンコ | D82: =SUBSTITUTE(REPLACE(C82,1,1,"〇"),MID(C82,LEN(C82)-1,1),"〇") -> 〇ヤシ ジユ〇コ | E82: 認定済 | F82: 272070 | G82: 高槻市 | H82: 8551022067 | I82: 45317 | J82: 45689 | K82: 46053 | L82: 林 航希 | M82: =SUBSTITUTE(REPLACE(L82,1,1,"〇"),MID(L82,LEN(L82)-1,1),"〇") -> 〇 〇希 | N82: ハヤシ コウキ | O82: =SUBSTITUTE(REPLACE(N82,1,1,"〇"),MID(N82,LEN(N82)-1,1),"〇") -> 〇ヤシ コ〇キ | P82: 男 | Q82: 41609 | R82: 45317 | S82: 対象外 | U82: 対象外 | V82: 対象外 | W82: 1 | X82: 37200 | Z82: 放課後等デイサービス（重症心身障害児以外） | AA82: 23 | AB82: 45689 | AD82: 放課後等デイサービス きららステム西冠 | AE82: 放課後等デイサービス（重症心身障害児以外） | AF82: 4 | AG82: 45689 | AI82: 聖ヨハネ子どもセンター
A83: 藤井 雅美 | B83: =SUBSTITUTE(REPLACE(A83,1,1,"〇"),MID(A83,LEN(A83)-1,1),"〇") -> 〇井 〇美 | C83: フジイ マサミ | D83: =SUBSTITUTE(REPLACE(C83,1,1,"〇"),MID(C83,LEN(C83)-1,1),"〇") -> 〇ジイ マ〇ミ | E83: 認定済 | F83: 272070 | G83: 高槻市 | H83: 8551025649 | I83: 34346 | J83: 45689 | K83: 46053 | L83: 藤井 亮太 | M83: =SUBSTITUTE(REPLACE(L83,1,1,"〇"),MID(L83,LEN(L83)-1,1),"〇") -> 〇井 〇太 | N83: フジイ リヨウタ | O83: =SUBSTITUTE(REPLACE(N83,1,1,"〇"),MID(N83,LEN(N83)-1,1),"〇") -> 〇ジイ リヨ〇タ | P83: 男 | Q83: 40904 | R83: 44943 | S83: 対象外 | T83: 対象外 | U83: 対象外 | V83: 対象外 | W83: 1 | X83: 4600 | Z83: 放課後等デイサービス（重症心身障害児以外） | AA83: 10 | AB83: 45689 | AD83: 放課後等デイサービス きららステム西冠 | AE83: 放課後等デイサービス（重症心身障害児以外） | AF83: 5 | AG83: 45689
A84: 本郷 麻佑 | B84: =SUBSTITUTE(REPLACE(A84,1,1,"〇"),MID(A84,LEN(A84)-1,1),"〇") -> 〇郷 〇佑 | C84: ホンゴウ マユウ | D84: =SUBSTITUTE(REPLACE(C84,1,1,"〇"),MID(C84,LEN(C84)-1,1),"〇") -> 〇ンゴウ マ〇ウ | E84: 認定済 | F84: 272070 | G84: 高槻市 | H84: 8551024451 | I84: 45314 | J84: 45689 | K84: 46053 | L84: 本郷 蔵之介 | M84: =SUBSTITUTE(REPLACE(L84,1,1,"〇"),MID(L84,LEN(L84)-1,1),"〇") -> 〇郷 蔵〇介 | N84: ホンゴウ クラノスケ | O84: =SUBSTITUTE(REPLACE(N84,1,1,"〇"),MID(N84,LEN(N84)-1,1),"〇") -> 〇ンゴウ クラノ〇ケ | P84: 男 | Q84: 40537 | R84: 45323 | S84: 対象外 | T84: 対象外 | U84: 対象外 | V84: 対象外 | W84: 1 | X84: 0 | Z84: 放課後等デイサービス（重症心身障害児以外） | AA84: 18 | AB84: 45689 | AD84: 放課後等デイサービス きららステム西冠 | AE84: 放課後等デイサービス（重症心身障害児以外） | AF84: 5 | AG84: 45689 | AI84: 相談支援事業所すずらん
A85: 松岡 紀代子 | B85: =SUBSTITUTE(REPLACE(A85,1,1,"〇"),MID(A85,LEN(A85)-1,1),"〇") -> 〇岡 紀〇子 | C85: マツオカ キヨコ | D85: =SUBSTITUTE(REPLACE(C85,1,1,"〇"),MID(C85,LEN(C85)-1,1),"〇") -> 〇ツオカ キ〇コ | E85: 認定済 | F85: 272070 | G85: 高槻市 | H85: 8551025151 | I85: 45317 | J85: 45689 | K85: 46053 | L85: 松岡 美希 | M85: =SUBSTITUTE(REPLACE(L85,1,1,"〇"),MID(L85,LEN(L85)-1,1),"〇") -> 〇岡 〇希 | N85: マツオカ ミキ | O85: =SUBSTITUTE(REPLACE(N85,1,1,"〇"),MID(N85,LEN(N85)-1,1),"〇") -> 〇ツオカ 〇キ | P85: 女 | Q85: 42363 | R85: 45566 | S85: 対象外 | T85: 対象外 | U85: 対象外 | V85: 対象外 | W85: 1 | X85: 4600 | Z85: 放課後等デイサービス（重症心身障害児以外） | AA85: 10 | AB85: 45689 | AD85: 放課後等デイサービス きららステム西冠 | AE85: 放課後等デイサービス（重症心身障害児以外） | AF85: 2 | AG85: 45689 | AH85: 45747 | AI85: こども相談支援センターwish
A86: 安本 ちひろ | B86: =SUBSTITUTE(REPLACE(A86,1,1,"〇"),MID(A86,LEN(A86)-1,1),"〇") -> 〇本 ち〇ろ | C86: ヤスモト チヒロ | D86: =SUBSTITUTE(REPLACE(C86,1,1,"〇"),MID(C86,LEN(C86)-1,1),"〇") -> 〇スモト チ〇ロ | E86: 認定済 | F86: 272070 | G86: 高槻市 | H86: 8551017026 | I86: 45314 | J86: 45689 | K86: 46053 | L86: 安本 善哉 | M86: =SUBSTITUTE(REPLACE(L86,1,1,"〇"),MID(L86,LEN(L86)-1,1),"〇") -> 〇本 〇哉 | N86: ヤスモト ヨシヤ | O86: =SUBSTITUTE(REPLACE(N86,1,1,"〇"),MID(N86,LEN(N86)-1,1),"〇") -> 〇スモト ヨ〇ヤ | P86: 男 | Q86: 40163 | R86: 43885 | S86: 対象外 | T86: 対象 | U86: 対象外 | V86: 対象外 | W86: 1 | X86: 4600 | Y86: み・らいずスクールたかつき２ | Z86: 放課後等デイサービス（重症心身障害児以外） | AA86: 14 | AB86: 45689 | AD86: 放課後等デイサービス きららステム西冠 | AE86: 放課後等デイサービス（重症心身障害児以外） | AF86: 4 | AG86: 45689 | AI86: 相談支援 チェリー・ハート
A87: 脇本 秀史 | B87: =SUBSTITUTE(REPLACE(A87,1,1,"〇"),MID(A87,LEN(A87)-1,1),"〇") -> 〇本 〇史 | C87: ワキモト ヒデシ | D87: =SUBSTITUTE(REPLACE(C87,1,1,"〇"),MID(C87,LEN(C87)-1,1),"〇") -> 〇キモト ヒ〇シ | E87: 認定済 | F87: 272112 | G87: 茨木市 | H87: 5000027853 | I87: 45317 | J87: 45689 | K87: 46053 | L87: 脇本 海大朗 | M87: =SUBSTITUTE(REPLACE(L87,1,1,"〇"),MID(L87,LEN(L87)-1,1),"〇") -> 〇本 海〇朗 | N87: ワキモト ウミタロウ | O87: =SUBSTITUTE(REPLACE(N87,1,1,"〇"),MID(N87,LEN(N87)-1,1),"〇") -> 〇キモト ウミタ〇ウ | P87: 男 | Q87: 42034 | R87: 44978 | S87: 対象外 | T87: 対象外 | U87: 対象外 | V87: 対象外 | W87: 1 | X87: 0 | Z87: 放課後等デイサービス（重症心身障害児以外） | AA87: 10 | AB87: 45689 | AD87: 放課後等デイサービス きららステム西冠 | AE87: 放課後等デイサービス（重症心身障害児以外） | AF87: 2 | AG87: 45689
A88: 甲斐 江理 | B88: =SUBSTITUTE(REPLACE(A88,1,1,"〇"),MID(A88,LEN(A88)-1,1),"〇") -> 〇斐 〇理 | C88: カイ エリ | D88: =SUBSTITUTE(REPLACE(C88,1,1,"〇"),MID(C88,LEN(C88)-1,1),"〇") -> 〇イ 〇リ | E88: 認定済 | F88: 272070 | G88: 高槻市 | H88: 8551029476 | J88: 45717 | K88: 46081 | L88: 甲斐 蓮惺 | M88: =SUBSTITUTE(REPLACE(L88,1,1,"〇"),MID(L88,LEN(L88)-1,1),"〇") -> 〇斐 〇惺 | N88: カイ レンセイ | O88: =SUBSTITUTE(REPLACE(N88,1,1,"〇"),MID(N88,LEN(N88)-1,1),"〇") -> 〇イ レン〇イ | P88: 男 | Q88: 41666 | R88: 45748 | S88: 対象外 | T88: 対象外 | U88: 対象外 | V88: 対象外 | W88: 1 | X88: 4600 | Y88: 放課後等デイサービス きららステム西冠 | Z88: 放課後等デイサービス（重症心身障害児以外） | AA88: 10 | AB88: 45717 | AD88: 放課後等デイサービス きららステム西冠 | AE88: 放課後等デイサービス（重症心身障害児以外） | AF88: 5 | AG88: 45725
A89: 木下 美樹 | B89: =SUBSTITUTE(REPLACE(A89,1,1,"〇"),MID(A89,LEN(A89)-1,1),"〇") -> 〇下 〇樹 | C89: キノシタ ミキ | D89: =SUBSTITUTE(REPLACE(C89,1,1,"〇"),MID(C89,LEN(C89)-1,1),"〇") -> 〇ノシタ 〇キ | E89: 認定済 | F89: 272070 | G89: 高槻市 | H89: 8551050100 | J89: 45717 | K89: 46081 | L89: 木下 雲日 | M89: =SUBSTITUTE(REPLACE(L89,1,1,"〇"),MID(L89,LEN(L89)-1,1),"〇") -> 〇下 〇日 | N89: キノシタ ユクヒ | O89: =SUBSTITUTE(REPLACE(N89,1,1,"〇"),MID(N89,LEN(N89)-1,1),"〇") -> 〇ノシタ ユ〇ヒ | P89: 男 | Q89: 42374 | R89: 45748 | S89: 対象外 | T89: 対象外 | U89: 対象外 | V89: 対象外 | W89: 1 | X89: 4600 | Y89: nanairoブランコ2号店 | Z89: 放課後等デイサービス（重症心身障害児以外） | AA89: 10 | AB89: 45717 | AD89: 放課後等デイサービス きららステム西冠 | AE89: 放課後等デイサービス（重症心身障害児以外） | AF89: 5 | AG89: 45717
A90: 桐島 麻利子 | B90: =SUBSTITUTE(REPLACE(A90,1,1,"〇"),MID(A90,LEN(A90)-1,1),"〇") -> 〇島 麻〇子 | C90: キリシマ マリコ | D90: =SUBSTITUTE(REPLACE(C90,1,1,"〇"),MID(C90,LEN(C90)-1,1),"〇") -> 〇〇シマ マ〇コ | E90: 認定済 | F90: 272070 | G90: 高槻市 | H90: 8551053559 | J90: 45717 | K90: 46081 | L90: 桐島 維織 | M90: =SUBSTITUTE(REPLACE(L90,1,1,"〇"),MID(L90,LEN(L90)-1,1),"〇") -> 〇島 〇織 | N90: キリシマ イオリ | O90: =SUBSTITUTE(REPLACE(N90,1,1,"〇"),MID(N90,LEN(N90)-1,1),"〇") -> 〇リシマ イ〇リ | P90: 男 | Q90: 42392 | R90: 45748 | S90: 対象外 | T90: 対象外 | U90: 対象外 | V90: 対象外 | W90: 1 | X90: 4600 | Z90: 放課後等デイサービス（重症心身障害児以外） | AA90: 10 | AB90: 45717 | AD90: 放課後等デイサービス きららステム西冠 | AE90: 放課後等デイサービス（重症心身障害児以外） | AF90: 5 | AG90: 45725
A91: 佐藤 圭 | B91: =SUBSTITUTE(REPLACE(A91,1,1,"〇"),MID(A91,LEN(A91)-1,1),"〇") -> 〇藤〇圭 | C91: サトウ ケイ | D91: =SUBSTITUTE(REPLACE(C91,1,1,"〇"),MID(C91,LEN(C91)-1,1),"〇") -> 〇トウ 〇イ | E91: 認定済 | F91: 272104 | G91: 枚方市 | H91: 3000018139 | I91: 44986 | J91: 45717 | K91: 46081 | L91: 佐藤 結虎 | M91: =SUBSTITUTE(REPLACE(L91,1,1,"〇"),MID(L91,LEN(L91)-1,1),"〇") -> 〇藤 〇虎 | N91: サトウ ユウト | O91: =SUBSTITUTE(REPLACE(N91,1,1,"〇"),MID(N91,LEN(N91)-1,1),"〇") -> 〇ト〇 ユ〇ト | P91: 男 | Q91: 42049 | R91: 44657 | S91: 対象外 | T91: 対象外 | U91: 対象外 | V91: 対象外 | W91: 1 | X91: 4600 | Y91: ちあふるスクール枚方 | Z91: 放課後等デイサービス（重症心身障害児以外） | AA91: 27 | AB91: 45717 | AD91: 放課後等デイサービス きららステム西冠 | AE91: 放課後等デイサービス（重症心身障害児以外） | AF91: 5 | AG91: 45717
A92: 島田 美鈴 | B92: =SUBSTITUTE(REPLACE(A92,1,1,"〇"),MID(A92,LEN(A92)-1,1),"〇") -> 〇田 〇鈴 | C92: シマダ ミスズ | D92: =SUBSTITUTE(REPLACE(C92,1,1,"〇"),MID(C92,LEN(C92)-1,1),"〇") -> 〇マダ ミ〇ズ | E92: 認定済 | F92: 272070 | G92: 高槻市 | H92: 8551012571 | I92: 45349 | J92: 45717 | K92: 46081 | L92: 島田 睦生 | M92: =SUBSTITUTE(REPLACE(L92,1,1,"〇"),MID(L92,LEN(L92)-1,1),"〇") -> 〇田 〇生 | N92: シマダ ムツキ | O92: =SUBSTITUTE(REPLACE(N92,1,1,"〇"),MID(N92,LEN(N92)-1,1),"〇") -> 〇マダ ム〇キ | P92: 男 | Q92: 41299 | R92: 44310 | S92: 対象外 | T92: 対象外 | U92: 対象外 | V92: 対象外 | W92: 1 | X92: 4600 | Z92: 放課後等デイサービス（重症心身障害児以外） | AA92: 14 | AB92: 45717 | AD92: 放課後等デイサービス きららステム西冠 | AE92: 放課後等デイサービス（重症心身障害児以外） | AF92: 10 | AG92: 45717
A93: 寺本 典子 | B93: =SUBSTITUTE(REPLACE(A93,1,1,"〇"),MID(A93,LEN(A93)-1,1),"〇") -> 〇本 〇子 | C93: テラモト ノリコ | D93: =SUBSTITUTE(REPLACE(C93,1,1,"〇"),MID(C93,LEN(C93)-1,1),"〇") -> 〇ラモト ノ〇コ | E93: 認定済 | F93: 272070 | G93: 高槻市 | H93: 8551010047 | I93: 45341 | J93: 45717 | K93: 46081 | L93: 寺本 和真 | M93: =SUBSTITUTE(REPLACE(L93,1,1,"〇"),MID(L93,LEN(L93)-1,1),"〇") -> 〇本 〇真 | N93: テラモト カズマサ | O93: =SUBSTITUTE(REPLACE(N93,1,1,"〇"),MID(N93,LEN(N93)-1,1),"〇") -> 〇ラモト カズ〇サ | P93: 男 | Q93: 39472 | R93: 43916 | S93: 対象外 | T93: 対象外 | U93: 対象外 | V93: 対象外 | W93: 1 | X93: 37200 | Z93: 放課後等デイサービス（重症心身障害児以外） | AA93: 10 | AB93: 45717 | AD93: 放課後等デイサービス きららステム西冠 | AE93: 放課後等デイサービス（重症心身障害児以外） | AF93: 5 | AG93: 45717 | AI93: 高槻市うの花療育園
A94: 中村 暢子 | B94: =SUBSTITUTE(REPLACE(A94,1,1,"〇"),MID(A94,LEN(A94)-1,1),"〇") -> 〇村 〇子 | C94: ナカムラ ノブコ | D94: =SUBSTITUTE(REPLACE(C94,1,1,"〇"),MID(C94,LEN(C94)-1,1),"〇") -> 〇カムラ ノ〇コ | E94: 認定済 | F94: 272070 | G94: 高槻市 | H94: 8551030060 | J94: 45717 | K94: 46081 | L94: 中村 颯人 | M94: =SUBSTITUTE(REPLACE(L94,1,1,"〇"),MID(L94,LEN(L94)-1,1),"〇") -> 〇村 〇人 | N94: ナカムラ ハヤト | O94: =SUBSTITUTE(REPLACE(N94,1,1,"〇"),MID(N94,LEN(N94)-1,1),"〇") -> 〇カムラ ハ〇ト | P94: 男 | Q94: 42400 | R94: 45078 | S94: 対象外 | T94: 対象外 | U94: 対象外 | V94: 対象外 | W94: 1 | X94: 4600 | Y94: あさがおクラブ | Z94: 放課後等デイサービス（重症心身障害児以外） | AA94: 10 | AB94: 45717 | AD94: 放課後等デイサービス きららステム西冠 | AE94: 放課後等デイサービス（重症心身障害児以外） | AF94: 5 | AG94: 45717
A95: 山崎 修二 | B95: =SUBSTITUTE(REPLACE(A95,1,1,"〇"),MID(A95,LEN(A95)-1,1),"〇") -> 〇崎 〇二 | C95: ヤマサキ シュウジ | D95: =SUBSTITUTE(REPLACE(C95,1,1,"〇"),MID(C95,LEN(C95)-1,1),"〇") -> 〇マサキ シュ〇ジ | E95: 認定済 | F95: 272104 | G95: 枚方市 | H95: 3000021562 | I95: 45352 | J95: 45717 | K95: 46081 | L95: 山崎 凪斗 | M95: =SUBSTITUTE(REPLACE(L95,1,1,"〇"),MID(L95,LEN(L95)-1,1),"〇") -> 〇崎 〇斗 | N95: ヤマサキ ナギト | O95: =SUBSTITUTE(REPLACE(N95,1,1,"〇"),MID(N95,LEN(N95)-1,1),"〇") -> 〇マサキ ナ〇ト | P95: 男 | Q95: 41333 | R95: 45352 | S95: 対象外 | T95: 対象外 | U95: 対象外 | V95: 対象外 | W95: 1 | X95: 4600 | Y95: ウィズ・ユー枚方 | Z95: 放課後等デイサービス（重症心身障害児以外） | AA95: 5 | AB95: 45717 | AD95: 放課後等デイサービス きららステム西冠 | AE95: 放課後等デイサービス（重症心身障害児以外） | AF95: 5 | AG95: 45717 | AH95: 45747
A96: 山崎 修二 | B96: =SUBSTITUTE(REPLACE(A96,1,1,"〇"),MID(A96,LEN(A96)-1,1),"〇") -> 〇崎 〇二 | C96: ヤマサキ シュウジ | D96: =SUBSTITUTE(REPLACE(C96,1,1,"〇"),MID(C96,LEN(C96)-1,1),"〇") -> 〇マサキ シュ〇ジ | E96: 認定済 | F96: 272104 | G96: 枚方市 | H96: 3000024244 | I96: 45352 | J96: 45717 | K96: 46081 | L96: 山崎 惇介 | M96: =SUBSTITUTE(REPLACE(L96,1,1,"〇"),MID(L96,LEN(L96)-1,1),"〇") -> 〇崎 〇介 | N96: ヤマサキ シュンスケ | O96: =SUBSTITUTE(REPLACE(N96,1,1,"〇"),MID(N96,LEN(N96)-1,1),"〇") -> 〇マサキ シュン〇ケ | P96: 男 | Q96: 42780 | R96: 44994 | S96: 対象外 | T96: 対象外 | U96: 対象外 | V96: 対象外 | W96: 1 | X96: 4600 | Y96: ウィズ・ユー枚方 | Z96: 放課後等デイサービス（重症心身障害児以外） | AA96: 20 | AB96: 45717 | AD96: 放課後等デイサービス きららステム西冠 | AE96: 放課後等デイサービス（重症心身障害児以外） | AF96: 5 | AG96: 45717 | AH96: 45747
A97: 浅井 美貴 | B97: =SUBSTITUTE(REPLACE(A97,1,1,"〇"),MID(A97,LEN(A97)-1,1),"〇") -> 〇井 〇貴 | C97: アサイ ミキ | D97: =SUBSTITUTE(REPLACE(C97,1,1,"〇"),MID(C97,LEN(C97)-1,1),"〇") -> 〇サイ 〇キ | E97: 認定済 | F97: 272070 | G97: 高槻市 | H97: 8551009007 | I97: 45013 | J97: 45748 | K97: 46112 | L97: 浅井 塁偉 | M97: =SUBSTITUTE(REPLACE(L97,1,1,"〇"),MID(L97,LEN(L97)-1,1),"〇") -> 〇井 〇偉 | N97: アサイ ルイ | O97: =SUBSTITUTE(REPLACE(N97,1,1,"〇"),MID(N97,LEN(N97)-1,1),"〇") -> 〇サイ 〇イ | P97: 男 | Q97: 40949 | R97: 44323 | S97: 対象外 | T97: 対象外 | U97: 対象外 | V97: 対象外 | W97: 1 | X97: 0 | Z97: 放課後等デイサービス（重症心身障害児以外） | AA97: 10 | AB97: 45748 | AD97: 放課後等デイサービス きららステム西冠 | AE97: 放課後等デイサービス（重症心身障害児以外） | AF97: 4 | AG97: 45748 | AI97: 相談支援 チェリー・ハート
A98: 甲斐 江理 | B98: =SUBSTITUTE(REPLACE(A98,1,1,"〇"),MID(A98,LEN(A98)-1,1),"〇") -> 〇斐 〇理 | C98: カイ エリ | D98: =SUBSTITUTE(REPLACE(C98,1,1,"〇"),MID(C98,LEN(C98)-1,1),"〇") -> 〇イ 〇リ | E98: 認定済 | F98: 272070 | G98: 高槻市 | H98: 8551070223 | J98: 45748 | K98: 46112 | L98: 甲斐 希乃花 | M98: =SUBSTITUTE(REPLACE(L98,1,1,"〇"),MID(L98,LEN(L98)-1,1),"〇") -> 〇斐 希〇花 | N98: カイ ノノカ | O98: =SUBSTITUTE(REPLACE(N98,1,1,"〇"),MID(N98,LEN(N98)-1,1),"〇") -> 〇イ 〇〇カ | P98: 女 | Q98: 43136 | R98: 45748 | S98: 対象外 | T98: 対象外 | U98: 対象外 | V98: 対象外 | W98: 1 | X98: 4600 | Y98: 放課後等デイサービス きららステム西冠 | Z98: 放課後等デイサービス（重症心身障害児以外） | AA98: 10 | AB98: 45748 | AD98: 放課後等デイサービス きららステム西冠 | AE98: 放課後等デイサービス（重症心身障害児以外） | AF98: 5 | AG98: 45748
A99: 川野 千沙子 | B99: =SUBSTITUTE(REPLACE(A99,1,1,"〇"),MID(A99,LEN(A99)-1,1),"〇") -> 〇野 千〇子 | C99: カワノ チサコ | D99: =SUBSTITUTE(REPLACE(C99,1,1,"〇"),MID(C99,LEN(C99)-1,1),"〇") -> 〇ワノ チ〇コ | E99: 認定済 | F99: 272070 | G99: 高槻市 | H99: 8551000931 | I99: 45016 | J99: 45748 | K99: 46112 | L99: 川野 拓海 | M99: =SUBSTITUTE(REPLACE(L99,1,1,"〇"),MID(L99,LEN(L99)-1,1),"〇") -> 〇野 〇海 | N99: カワノ タクミ | O99: =SUBSTITUTE(REPLACE(N99,1,1,"〇"),MID(N99,LEN(N99)-1,1),"〇") -> 〇ワノ タ〇ミ | P99: 男 | Q99: 40233 | R99: 44327 | S99: 対象外 | T99: 対象外 | U99: 対象外 | V99: 対象外 | W99: 1 | X99: 4600 | Y99: 放課後等デイサービス きららステム西冠 | Z99: 放課後等デイサービス（重症心身障害児以外） | AA99: 14 | AB99: 45748 | AD99: 放課後等デイサービス きららステム西冠 | AE99: 放課後等デイサービス（重症心身障害児以外） | AF99: 4 | AG99: 45748 | AI99: 相談支援 チェリー・ハート
A100: 川人 和奈 | B100: =SUBSTITUTE(REPLACE(A100,1,1,"〇"),MID(A100,LEN(A100)-1,1),"〇") -> 〇人 〇奈 | C100: カワヒト カナ | D100: =SUBSTITUTE(REPLACE(C100,1,1,"〇"),MID(C100,LEN(C100)-1,1),"〇") -> 〇ワヒト 〇ナ | E100: 認定済 | F100: 272070 | G100: 高槻市 | H100: 8551054177 | J100: 45748 | K100: 46112 | L100: 川人 禄 | M100: =SUBSTITUTE(REPLACE(L100,1,1,"〇"),MID(L100,LEN(L100)-1,1),"〇") -> 〇人〇禄 | N100: カワヒト ロク | O100: =SUBSTITUTE(REPLACE(N100,1,1,"〇"),MID(N100,LEN(N100)-1,1),"〇") -> 〇ワヒト 〇ク | P100: 男 | Q100: 43138 | R100: 45399 | S100: 対象外 | T100: 対象外 | U100: 対象外 | V100: 対象外 | W100: 1 | X100: 0 | Z100: 放課後等デイサービス（重症心身障害児以外） | AA100: 14 | AB100: 45748 | AD100: 放課後等デイサービス きららステム西冠 | AE100: 放課後等デイサービス（重症心身障害児以外） | AF100: 5 | AG100: 45748
...

Sheet 利用者情報　一覧(障害)-照会画面
A1: 利用者名 | B1: 利用者名（伏字） | C1: 児童名 | D1: 児童名（伏字） | E1: 生年月日 | F1: 住所(都道府県/市区町村) | G1: 受給者 | H1: 受給者証適用期間 | I1: 電話番号 | J1: 電話番号（伏字） | K1: 利用者
G2: 証番号 | K2: の状態
A3: 高柳 綾 | B3: =SUBSTITUTE(REPLACE(A3,1,1,"〇"),MID(A3,LEN(A3)-1,1),"〇") -> 〇柳〇綾 | C3: 高柳 一輝 | D3: =SUBSTITUTE(REPLACE(C3,1,1,"〇"),MID(C3,LEN(C3)-1,1),"〇") -> 〇柳 〇輝 | E3: 40397 | F3: 大阪府 高槻市 | G3: 8551005401 | H3: 令和6年10月1日から令和7年9月30日まで | I3: 072-671-4854 | J3: =IF(I3<>"",SUBSTITUTE(REPLACE(I3,1,1,"0"),MID(I3,LEN(I3)-1,1),"0"),"") -> 072-671-4804 | K3: 利用中
A4: 武山 明菜 | B4: =SUBSTITUTE(REPLACE(A4,1,1,"〇"),MID(A4,LEN(A4)-1,1),"〇") -> 〇山 〇菜 | C4: 武山 紘太朗 | D4: =SUBSTITUTE(REPLACE(C4,1,1,"〇"),MID(C4,LEN(C4)-1,1),"〇") -> 〇山 紘〇朗 | E4: 40493 | F4: 大阪府 高槻市 | G4: 8551005179 | H4: 令和7年1月1日から令和7年12月31日まで | J4: =IF(I4<>"",SUBSTITUTE(REPLACE(I4,1,1,"0"),MID(I4,LEN(I4)-1,1),"0"),"") | K4: 利用中
A5: 辻 里沙 | B5: =SUBSTITUTE(REPLACE(A5,1,1,"〇"),MID(A5,LEN(A5)-1,1),"〇") -> 〇 〇沙 | C5: 辻 航史朗 | D5: =SUBSTITUTE(REPLACE(C5,1,1,"〇"),MID(C5,LEN(C5)-1,1),"〇") -> 〇 航〇朗 | E5: 41634 | F5: 大阪府 高槻市 | G5: 8551026563 | H5: 令和7年2月1日から令和8年1月31日まで | J5: =IF(I5<>"",SUBSTITUTE(REPLACE(I5,1,1,"0"),MID(I5,LEN(I5)-1,1),"0"),"") | K5: 利用中
A6: 寺迫 愛 | B6: =SUBSTITUTE(REPLACE(A6,1,1,"〇"),MID(A6,LEN(A6)-1,1),"〇") -> 〇迫〇愛 | C6: 寺迫 紡 | D6: =SUBSTITUTE(REPLACE(C6,1,1,"〇"),MID(C6,LEN(C6)-1,1),"〇") -> 〇迫〇紡 | E6: 42179 | F6: 大阪府 高槻市 | G6: 8551025862 | H6: 令和6年8月1日から令和7年7月31日まで | J6: =IF(I6<>"",SUBSTITUTE(REPLACE(I6,1,1,"0"),MID(I6,LEN(I6)-1,1),"0"),"") | K6: 利用中
A7: 寺本 典子 | B7: =SUBSTITUTE(REPLACE(A7,1,1,"〇"),MID(A7,LEN(A7)-1,1),"〇") -> 〇本 〇子 | C7: 寺本 和真 | D7: =SUBSTITUTE(REPLACE(C7,1,1,"〇"),MID(C7,LEN(C7)-1,1),"〇") -> 〇本 〇真 | E7: 39472 | F7: 大阪府 高槻市 | G7: 8551010047 | H7: 令和7年3月1日から令和8年2月28日まで | I7: 072-675-1386 | J7: =IF(I7<>"",SUBSTITUTE(REPLACE(I7,1,1,"0"),MID(I7,LEN(I7)-1,1),"0"),"") -> 072-675-1306 | K7: 利用中
A8: 遠山 路子 | B8: =SUBSTITUTE(REPLACE(A8,1,1,"〇"),MID(A8,LEN(A8)-1,1),"〇") -> 〇山 〇子 | C8: 遠山 桃弥 | D8: =SUBSTITUTE(REPLACE(C8,1,1,"〇"),MID(C8,LEN(C8)-1,1),"〇") -> 〇山 〇弥 | E8: 42429 | F8: 大阪府 高槻市 | G8: 8551026910 | H8: 令和7年4月1日から令和8年3月31日まで | I8: 072-628-8284 | J8: =IF(I8<>"",SUBSTITUTE(REPLACE(I8,1,1,"0"),MID(I8,LEN(I8)-1,1),"0"),"") -> 072-620-0204 | K8: 利用中
A9: 富岡 和子 | B9: =SUBSTITUTE(REPLACE(A9,1,1,"〇"),MID(A9,LEN(A9)-1,1),"〇") -> 〇岡 〇子 | C9: 富岡 響希 | D9: =SUBSTITUTE(REPLACE(C9,1,1,"〇"),MID(C9,LEN(C9)-1,1),"〇") -> 〇岡 〇希 | E9: 41611 | F9: 大阪府 高槻市 | G9: 8551025409 | H9: 令和7年2月1日から令和8年1月31日まで | I9: 072-628-4318 | J9: =IF(I9<>"",SUBSTITUTE(REPLACE(I9,1,1,"0"),MID(I9,LEN(I9)-1,1),"0"),"") -> 072-628-4308 | K9: 利用中
A10: 富岡 和子 | B10: =SUBSTITUTE(REPLACE(A10,1,1,"〇"),MID(A10,LEN(A10)-1,1),"〇") -> 〇岡 〇子 | C10: 富岡 雫 | D10: =SUBSTITUTE(REPLACE(C10,1,1,"〇"),MID(C10,LEN(C10)-1,1),"〇") -> 〇岡〇雫 | E10: 42419 | F10: 大阪府 高槻市 | G10: 8551070207 | H10: 令和7年4月1日から令和8年3月31日まで | I10: 072-628-4318 | J10: =IF(I10<>"",SUBSTITUTE(REPLACE(I10,1,1,"0"),MID(I10,LEN(I10)-1,1),"0"),"") -> 072-628-4308 | K10: 利用中
A11: 土橋 愛 | B11: =SUBSTITUTE(REPLACE(A11,1,1,"〇"),MID(A11,LEN(A11)-1,1),"〇") -> 〇橋〇愛 | C11: 土橋 柚希 | D11: =SUBSTITUTE(REPLACE(C11,1,1,"〇"),MID(C11,LEN(C11)-1,1),"〇") -> 〇橋 〇希 | E11: 42115 | F11: 大阪府 高槻市 | G11: 8551023743 | H11: 令和7年6月1日から令和8年5月31日まで | I11: 072-655-5145 | J11: =IF(I11<>"",SUBSTITUTE(REPLACE(I11,1,1,"0"),MID(I11,LEN(I11)-1,1),"0"),"") -> 072-655-5105 | K11: 利用中
A12: 内藤 有由美 | B12: =SUBSTITUTE(REPLACE(A12,1,1,"〇"),MID(A12,LEN(A12)-1,1),"〇") -> 〇藤 有〇美 | C12: 内藤 聡祐 | D12: =SUBSTITUTE(REPLACE(C12,1,1,"〇"),MID(C12,LEN(C12)-1,1),"〇") -> 〇藤 〇祐 | E12: 41993 | F12: 大阪府 高槻市 | G12: 8551019725 | H12: 令和7年2月1日から令和8年1月31日まで | I12: 072-629-4359 | J12: =IF(I12<>"",SUBSTITUTE(REPLACE(I12,1,1,"0"),MID(I12,LEN(I12)-1,1),"0"),"") -> 072-629-4309 | K12: 利用中
A13: 中西 恵 | B13: =SUBSTITUTE(REPLACE(A13,1,1,"〇"),MID(A13,LEN(A13)-1,1),"〇") -> 〇西〇恵 | C13: 中西 玲偉 | D13: =SUBSTITUTE(REPLACE(C13,1,1,"〇"),MID(C13,LEN(C13)-1,1),"〇") -> 〇西 〇偉 | E13: 42278 | F13: 大阪府 高槻市 | G13: 8551025888 | H13: 令和6年12月1日から令和7年11月30日まで | J13: =IF(I13<>"",SUBSTITUTE(REPLACE(I13,1,1,"0"),MID(I13,LEN(I13)-1,1),"0"),"") | K13: 利用中
A14: 中原 栄子 | B14: =SUBSTITUTE(REPLACE(A14,1,1,"〇"),MID(A14,LEN(A14)-1,1),"〇") -> 〇原 〇子 | C14: 中原 蒼十朗 | D14: =SUBSTITUTE(REPLACE(C14,1,1,"〇"),MID(C14,LEN(C14)-1,1),"〇") -> 〇原 蒼〇朗 | E14: 41875 | F14: 大阪府 高槻市 | G14: 8551019758 | H14: 令和6年10月1日から令和7年9月30日まで | I14: 072-696-6321 | J14: =IF(I14<>"",SUBSTITUTE(REPLACE(I14,1,1,"0"),MID(I14,LEN(I14)-1,1),"0"),"") -> 070-696-6301 | K14: 利用中
A15: 中村 暢子 | B15: =SUBSTITUTE(REPLACE(A15,1,1,"〇"),MID(A15,LEN(A15)-1,1),"〇") -> 〇村 〇子 | C15: 中村 颯人 | D15: =SUBSTITUTE(REPLACE(C15,1,1,"〇"),MID(C15,LEN(C15)-1,1),"〇") -> 〇村 〇人 | E15: 42400 | F15: 大阪府 高槻市 | G15: 8551030060 | H15: 令和7年3月1日から令和8年2月28日まで | I15: 072-6283-395 | J15: =IF(I15<>"",SUBSTITUTE(REPLACE(I15,1,1,"0"),MID(I15,LEN(I15)-1,1),"0"),"") -> 072-6283-305 | K15: 利用中
A16: 中村 友里 | B16: =SUBSTITUTE(REPLACE(A16,1,1,"〇"),MID(A16,LEN(A16)-1,1),"〇") -> 〇村 〇里 | C16: 中村 大輝 | D16: =SUBSTITUTE(REPLACE(C16,1,1,"〇"),MID(C16,LEN(C16)-1,1),"〇") -> 〇村 〇輝 | E16: 39728 | F16: 大阪府 高槻市 | G16: 3100013873 | H16: 令和6年12月1日から令和7年11月30日まで | I16: 080-1463-0817 | J16: =IF(I16<>"",SUBSTITUTE(REPLACE(I16,1,1,"0"),MID(I16,LEN(I16)-1,1),"0"),"") -> 080-0463-0807 | K16: 利用中
A17: 西田 由佳 | B17: =SUBSTITUTE(REPLACE(A17,1,1,"〇"),MID(A17,LEN(A17)-1,1),"〇") -> 〇田 〇佳 | C17: 西田 幸生 | D17: =SUBSTITUTE(REPLACE(C17,1,1,"〇"),MID(C17,LEN(C17)-1,1),"〇") -> 〇田 〇生 | E17: 42450 | F17: 大阪府 高槻市 | G17: 8551064465 | H17: 令和7年5月1日から令和8年4月30日まで | J17: =IF(I17<>"",SUBSTITUTE(REPLACE(I17,1,1,"0"),MID(I17,LEN(I17)-1,1),"0"),"") | K17: 利用中
A18: 服部 愛 | B18: =SUBSTITUTE(REPLACE(A18,1,1,"〇"),MID(A18,LEN(A18)-1,1),"〇") -> 〇部〇愛 | C18: 服部 由侑 | D18: =SUBSTITUTE(REPLACE(C18,1,1,"〇"),MID(C18,LEN(C18)-1,1),"〇") -> 〇部 〇侑 | E18: 42045 | F18: 大阪府 高槻市 | G18: 8551026373 | H18: 令和7年4月1日から令和8年3月31日まで | I18: 072-675-1724 | J18: =IF(I18<>"",SUBSTITUTE(REPLACE(I18,1,1,"0"),MID(I18,LEN(I18)-1,1),"0"),"") -> 070-675-1704 | K18: 利用中
A19: 林 純子 | B19: =SUBSTITUTE(REPLACE(A19,1,1,"〇"),MID(A19,LEN(A19)-1,1),"〇") -> 〇 〇子 | C19: 林 航希 | D19: =SUBSTITUTE(REPLACE(C19,1,1,"〇"),MID(C19,LEN(C19)-1,1),"〇") -> 〇 〇希 | E19: 41609 | F19: 大阪府 高槻市 | G19: 8551022067 | H19: 令和7年2月1日から令和8年1月31日まで | I19: 072-655-1852 | J19: =IF(I19<>"",SUBSTITUTE(REPLACE(I19,1,1,"0"),MID(I19,LEN(I19)-1,1),"0"),"") -> 072-600-1802 | K19: 利用中
A20: 春木 早百合 | B20: =SUBSTITUTE(REPLACE(A20,1,1,"〇"),MID(A20,LEN(A20)-1,1),"〇") -> 〇木 早〇合 | C20: 春木 嶺汰 | D20: =SUBSTITUTE(REPLACE(C20,1,1,"〇"),MID(C20,LEN(C20)-1,1),"〇") -> 〇木 〇汰 | E20: 40485 | F20: 大阪府 高槻市 | G20: 8551013678 | H20: 令和7年1月1日から令和7年12月31日まで | I20: 072-628-8159 | J20: =IF(I20<>"",SUBSTITUTE(REPLACE(I20,1,1,"0"),MID(I20,LEN(I20)-1,1),"0"),"") -> 072-628-8109 | K20: 利用中
A21: 樋口 広美 | B21: =SUBSTITUTE(REPLACE(A21,1,1,"〇"),MID(A21,LEN(A21)-1,1),"〇") -> 〇口 〇美 | C21: 樋口 瑛己 | D21: =SUBSTITUTE(REPLACE(C21,1,1,"〇"),MID(C21,LEN(C21)-1,1),"〇") -> 〇口 〇己 | E21: 42529 | F21: 大阪府 高槻市 | G21: 8551025623 | H21: 令和6年8月1日から令和7年7月31日まで | I21: 072-668-7665 | J21: =IF(I21<>"",SUBSTITUTE(REPLACE(I21,1,1,"0"),MID(I21,LEN(I21)-1,1),"0"),"") -> 072-008-7005 | K21: 利用中
A22: 藤井 朋世 | B22: =SUBSTITUTE(REPLACE(A22,1,1,"〇"),MID(A22,LEN(A22)-1,1),"〇") -> 〇井 〇世 | C22: 藤井 翔 | D22: =SUBSTITUTE(REPLACE(C22,1,1,"〇"),MID(C22,LEN(C22)-1,1),"〇") -> 〇井〇翔 | E22: 41489 | F22: 大阪府 高槻市 | G22: 8551016374 | H22: 令和6年10月1日から令和7年9月30日まで | I22: 072-671-8983 | J22: =IF(I22<>"",SUBSTITUTE(REPLACE(I22,1,1,"0"),MID(I22,LEN(I22)-1,1),"0"),"") -> 072-671-0903 | K22: 利用中
A23: 藤井 朋世 | B23: =SUBSTITUTE(REPLACE(A23,1,1,"〇"),MID(A23,LEN(A23)-1,1),"〇") -> 〇井 〇世 | C23: 藤井 翼 | D23: =SUBSTITUTE(REPLACE(C23,1,1,"〇"),MID(C23,LEN(C23)-1,1),"〇") -> 〇井〇翼 | E23: 41489 | F23: 大阪府 高槻市 | G23: 8551016382 | H23: 令和6年10月1日から令和7年9月30日まで | I23: 072-671-8983 | J23: =IF(I23<>"",SUBSTITUTE(REPLACE(I23,1,1,"0"),MID(I23,LEN(I23)-1,1),"0"),"") -> 072-671-0903 | K23: 利用中
A24: 藤本 恵 | B24: =SUBSTITUTE(REPLACE(A24,1,1,"〇"),MID(A24,LEN(A24)-1,1),"〇") -> 〇本〇恵 | C24: 藤本 聖 | D24: =SUBSTITUTE(REPLACE(C24,1,1,"〇"),MID(C24,LEN(C24)-1,1),"〇") -> 〇本〇聖 | E24: 42082 | F24: 大阪府 高槻市 | G24: 8551019857 | H24: 令和7年5月1日から令和8年4月30日まで | J24: =IF(I24<>"",SUBSTITUTE(REPLACE(I24,1,1,"0"),MID(I24,LEN(I24)-1,1),"0"),"") | K24: 利用中
A25: 藤本 祐太 | B25: =SUBSTITUTE(REPLACE(A25,1,1,"〇"),MID(A25,LEN(A25)-1,1),"〇") -> 〇本 〇太 | C25: 藤本 悠希 | D25: =SUBSTITUTE(REPLACE(C25,1,1,"〇"),MID(C25,LEN(C25)-1,1),"〇") -> 〇本 〇希 | E25: 42206 | F25: 大阪府 茨木市 | G25: 5000032598 | H25: 令和6年9月1日から令和7年7月31日まで | J25: =IF(I25<>"",SUBSTITUTE(REPLACE(I25,1,1,"0"),MID(I25,LEN(I25)-1,1),"0"),"") | K25: 利用中
A26: 本郷 麻佑 | B26: =SUBSTITUTE(REPLACE(A26,1,1,"〇"),MID(A26,LEN(A26)-1,1),"〇") -> 〇郷 〇佑 | C26: 本郷 駿匠 | D26: =SUBSTITUTE(REPLACE(C26,1,1,"〇"),MID(C26,LEN(C26)-1,1),"〇") -> 〇郷 〇匠 | E26: 39946 | F26: 大阪府 高槻市 | G26: 8551024469 | H26: 令和6年7月1日から令和7年6月30日まで | J26: =IF(I26<>"",SUBSTITUTE(REPLACE(I26,1,1,"0"),MID(I26,LEN(I26)-1,1),"0"),"") | K26: 利用中
A27: 本郷 麻佑 | B27: =SUBSTITUTE(REPLACE(A27,1,1,"〇"),MID(A27,LEN(A27)-1,1),"〇") -> 〇郷 〇佑 | C27: 本郷 蔵之介 | D27: =SUBSTITUTE(REPLACE(C27,1,1,"〇"),MID(C27,LEN(C27)-1,1),"〇") -> 〇郷 蔵〇介 | E27: 40537 | F27: 大阪府 高槻市 | G27: 8551024451 | H27: 令和7年2月1日から令和8年1月31日まで | J27: =IF(I27<>"",SUBSTITUTE(REPLACE(I27,1,1,"0"),MID(I27,LEN(I27)-1,1),"0"),"") | K27: 利用中
A28: 増尾 智宏 | B28: =SUBSTITUTE(REPLACE(A28,1,1,"〇"),MID(A28,LEN(A28)-1,1),"〇") -> 〇尾 〇宏 | C28: 増尾 颯斗 | D28: =SUBSTITUTE(REPLACE(C28,1,1,"〇"),MID(C28,LEN(C28)-1,1),"〇") -> 〇尾 〇斗 | E28: 40675 | F28: 大阪府 高槻市 | G28: 8551011664 | H28: 令和6年7月1日から令和7年6月30日まで | I28: 072-661-0177 | J28: =IF(I28<>"",SUBSTITUTE(REPLACE(I28,1,1,"0"),MID(I28,LEN(I28)-1,1),"0"),"") -> 002-661-0100 | K28: 利用中
A29: 松井 幸子 | B29: =SUBSTITUTE(REPLACE(A29,1,1,"〇"),MID(A29,LEN(A29)-1,1),"〇") -> 〇井 〇子 | C29: 松井 亮弥 | D29: =SUBSTITUTE(REPLACE(C29,1,1,"〇"),MID(C29,LEN(C29)-1,1),"〇") -> 〇井 〇弥 | E29: 42324 | F29: 大阪府 高槻市 | G29: 8551024022 | H29: 令和7年1月6日から令和7年12月31日まで | I29: 072-693-4162 | J29: =IF(I29<>"",SUBSTITUTE(REPLACE(I29,1,1,"0"),MID(I29,LEN(I29)-1,1),"0"),"") -> 072-093-4102 | K29: 利用中
A30: 松岡 紀代子 | B30: =SUBSTITUTE(REPLACE(A30,1,1,"〇"),MID(A30,LEN(A30)-1,1),"〇") -> 〇岡 紀〇子 | C30: 松岡 美希 | D30: =SUBSTITUTE(REPLACE(C30,1,1,"〇"),MID(C30,LEN(C30)-1,1),"〇") -> 〇岡 〇希 | E30: 42363 | F30: 大阪府 高槻市 | G30: 8551025151 | H30: 令和7年2月1日から令和8年1月31日まで | J30: =IF(I30<>"",SUBSTITUTE(REPLACE(I30,1,1,"0"),MID(I30,LEN(I30)-1,1),"0"),"") | K30: 利用中
A31: 松田 みずほ | B31: =SUBSTITUTE(REPLACE(A31,1,1,"〇"),MID(A31,LEN(A31)-1,1),"〇") -> 〇田 み〇ほ | C31: 松田 悠希 | D31: =SUBSTITUTE(REPLACE(C31,1,1,"〇"),MID(C31,LEN(C31)-1,1),"〇") -> 〇田 〇希 | E31: 41053 | F31: 大阪府 高槻市 | G31: 8551022505 | H31: 令和6年7月1日から令和7年6月30日まで | J31: =IF(I31<>"",SUBSTITUTE(REPLACE(I31,1,1,"0"),MID(I31,LEN(I31)-1,1),"0"),"") | K31: 利用中
A32: 松村 珠代 | B32: =SUBSTITUTE(REPLACE(A32,1,1,"〇"),MID(A32,LEN(A32)-1,1),"〇") -> 〇村 〇代 | C32: 松村 晴道 | D32: =SUBSTITUTE(REPLACE(C32,1,1,"〇"),MID(C32,LEN(C32)-1,1),"〇") -> 〇村 〇道 | E32: 40470 | F32: 大阪府 高槻市 | G32: 8551056768 | H32: 令和6年12月1日から令和7年11月30日まで | I32: 072-674-5356 | J32: =IF(I32<>"",SUBSTITUTE(REPLACE(I32,1,1,"0"),MID(I32,LEN(I32)-1,1),"0"),"") -> 072-674-0306 | K32: 利用中
A33: 松村 珠代 | B33: =SUBSTITUTE(REPLACE(A33,1,1,"〇"),MID(A33,LEN(A33)-1,1),"〇") -> 〇村 〇代 | C33: 松村 一花 | D33: =SUBSTITUTE(REPLACE(C33,1,1,"〇"),MID(C33,LEN(C33)-1,1),"〇") -> 〇村 〇花 | E33: 41504 | F33: 大阪府 高槻市 | G33: 8551058061 | H33: 令和6年10月1日から令和7年9月30日まで | I33: 072-674-5356 | J33: =IF(I33<>"",SUBSTITUTE(REPLACE(I33,1,1,"0"),MID(I33,LEN(I33)-1,1),"0"),"") -> 072-674-0306 | K33: 利用中
A34: 松本 豊美 | B34: =SUBSTITUTE(REPLACE(A34,1,1,"〇"),MID(A34,LEN(A34)-1,1),"〇") -> 〇本 〇美 | C34: 松本 理佑 | D34: =SUBSTITUTE(REPLACE(C34,1,1,"〇"),MID(C34,LEN(C34)-1,1),"〇") -> 〇本 〇佑 | E34: 41869 | F34: 大阪府 高槻市 | G34: 8551021952 | H34: 令和6年10月1日から令和7年9月30日まで | I34: 726699797 | J34: =IF(I34<>"",SUBSTITUTE(REPLACE(I34,1,1,"0"),MID(I34,LEN(I34)-1,1),"0"),"") -> 026600707 | K34: 利用中
A35: 三浦 麻美 | B35: =SUBSTITUTE(REPLACE(A35,1,1,"〇"),MID(A35,LEN(A35)-1,1),"〇") -> 〇浦 〇美 | C35: 三浦 峻二朗 | D35: =SUBSTITUTE(REPLACE(C35,1,1,"〇"),MID(C35,LEN(C35)-1,1),"〇") -> 〇浦 峻〇朗 | E35: 41938 | F35: 大阪府 高槻市 | G35: 8551025110 | H35: 令和6年12月1日から令和7年11月30日まで | J35: =IF(I35<>"",SUBSTITUTE(REPLACE(I35,1,1,"0"),MID(I35,LEN(I35)-1,1),"0"),"") | K35: 利用中
A36: 満仲 絵里子 | B36: =SUBSTITUTE(REPLACE(A36,1,1,"〇"),MID(A36,LEN(A36)-1,1),"〇") -> 〇仲 絵〇子 | C36: 満仲 雄大 | D36: =SUBSTITUTE(REPLACE(C36,1,1,"〇"),MID(C36,LEN(C36)-1,1),"〇") -> 〇仲 〇大 | E36: 42619 | F36: 大阪府 高槻市 | G36: 8551028023 | H36: 令和6年11月1日から令和7年10月31日まで | J36: =IF(I36<>"",SUBSTITUTE(REPLACE(I36,1,1,"0"),MID(I36,LEN(I36)-1,1),"0"),"") | K36: 利用中
A37: 村山 智美 | B37: =SUBSTITUTE(REPLACE(A37,1,1,"〇"),MID(A37,LEN(A37)-1,1),"〇") -> 〇山 〇美 | C37: 村山 海渡 | D37: =SUBSTITUTE(REPLACE(C37,1,1,"〇"),MID(C37,LEN(C37)-1,1),"〇") -> 〇山 〇渡 | E37: 42548 | F37: 大阪府 高槻市 | G37: 8551034005 | H37: 令和6年8月1日から令和7年7月31日まで | I37: 072-647-5493 | J37: =IF(I37<>"",SUBSTITUTE(REPLACE(I37,1,1,"0"),MID(I37,LEN(I37)-1,1),"0"),"") -> 072-647-5403 | K37: 利用中
A38: 村山 智美 | B38: =SUBSTITUTE(REPLACE(A38,1,1,"〇"),MID(A38,LEN(A38)-1,1),"〇") -> 〇山 〇美 | C38: 村山 聡美 | D38: =SUBSTITUTE(REPLACE(C38,1,1,"〇"),MID(C38,LEN(C38)-1,1),"〇") -> 〇山 〇美 | E38: 43168 | F38: 大阪府 高槻市 | G38: 8551034013 | H38: 令和7年5月1日から令和8年4月30日まで | I38: 072-647-5493 | J38: =IF(I38<>"",SUBSTITUTE(REPLACE(I38,1,1,"0"),MID(I38,LEN(I38)-1,1),"0"),"") -> 072-647-5403 | K38: 利用中
A39: 森本 響子 | B39: =SUBSTITUTE(REPLACE(A39,1,1,"〇"),MID(A39,LEN(A39)-1,1),"〇") -> 〇本 〇子 | C39: 森本 雄詠 | D39: =SUBSTITUTE(REPLACE(C39,1,1,"〇"),MID(C39,LEN(C39)-1,1),"〇") -> 〇本 〇詠 | E39: 41141 | F39: 大阪府 高槻市 | G39: 8551017554 | H39: 令和6年10月1日から令和7年9月30日まで | J39: =IF(I39<>"",SUBSTITUTE(REPLACE(I39,1,1,"0"),MID(I39,LEN(I39)-1,1),"0"),"") | K39: 利用中
A40: 森本 響子 | B40: =SUBSTITUTE(REPLACE(A40,1,1,"〇"),MID(A40,LEN(A40)-1,1),"〇") -> 〇本 〇子 | C40: 森本 凱翔 | D40: =SUBSTITUTE(REPLACE(C40,1,1,"〇"),MID(C40,LEN(C40)-1,1),"〇") -> 〇本 〇翔 | E40: 41837 | F40: 大阪府 高槻市 | G40: 8551028254 | H40: 令和6年9月1日から令和7年8月31日まで | J40: =IF(I40<>"",SUBSTITUTE(REPLACE(I40,1,1,"0"),MID(I40,LEN(I40)-1,1),"0"),"") | K40: 利用中
A41: 安本 ちひろ | B41: =SUBSTITUTE(REPLACE(A41,1,1,"〇"),MID(A41,LEN(A41)-1,1),"〇") -> 〇本 ち〇ろ | C41: 安本 善哉 | D41: =SUBSTITUTE(REPLACE(C41,1,1,"〇"),MID(C41,LEN(C41)-1,1),"〇") -> 〇本 〇哉 | E41: 40163 | F41: 大阪府 高槻市 | G41: 8551017026 | H41: 令和7年2月1日から令和8年1月31日まで | J41: =IF(I41<>"",SUBSTITUTE(REPLACE(I41,1,1,"0"),MID(I41,LEN(I41)-1,1),"0"),"") | K41: 利用中
A42: 柳井 春江 | B42: =SUBSTITUTE(REPLACE(A42,1,1,"〇"),MID(A42,LEN(A42)-1,1),"〇") -> 〇井 〇江 | C42: 柳井 琢磨 | D42: =SUBSTITUTE(REPLACE(C42,1,1,"〇"),MID(C42,LEN(C42)-1,1),"〇") -> 〇井 〇磨 | E42: 41233 | F42: 大阪府 高槻市 | G42: 8551017950 | H42: 令和7年1月1日から令和7年12月31日まで | J42: =IF(I42<>"",SUBSTITUTE(REPLACE(I42,1,1,"0"),MID(I42,LEN(I42)-1,1),"0"),"") | K42: 利用中
A43: 山岡 朋子 | B43: =SUBSTITUTE(REPLACE(A43,1,1,"〇"),MID(A43,LEN(A43)-1,1),"〇") -> 〇岡 〇子 | C43: 山岡 隆星 | D43: =SUBSTITUTE(REPLACE(C43,1,1,"〇"),MID(C43,LEN(C43)-1,1),"〇") -> 〇岡 〇星 | E43: 40996 | F43: 大阪府 高槻市 | G43: 8551062360 | H43: 令和7年5月1日から令和8年4月30日まで | I43: 080-3801-6905 | J43: =IF(I43<>"",SUBSTITUTE(REPLACE(I43,1,1,"0"),MID(I43,LEN(I43)-1,1),"0"),"") -> 080-3801-6905 | K43: 利用中
A44: 山口 久恵 | B44: =SUBSTITUTE(REPLACE(A44,1,1,"〇"),MID(A44,LEN(A44)-1,1),"〇") -> 〇口 〇恵 | C44: 山口 岳 | D44: =SUBSTITUTE(REPLACE(C44,1,1,"〇"),MID(C44,LEN(C44)-1,1),"〇") -> 〇口〇岳 | E44: 42178 | F44: 大阪府 高槻市 | G44: 8551052338 | H44: 令和6年8月1日から令和7年7月31日まで | J44: =IF(I44<>"",SUBSTITUTE(REPLACE(I44,1,1,"0"),MID(I44,LEN(I44)-1,1),"0"),"") | K44: 利用中
A45: 山口 陽子 | B45: =SUBSTITUTE(REPLACE(A45,1,1,"〇"),MID(A45,LEN(A45)-1,1),"〇") -> 〇口 〇子 | C45: 山口 莉舞 | D45: =SUBSTITUTE(REPLACE(C45,1,1,"〇"),MID(C45,LEN(C45)-1,1),"〇") -> 〇口 〇舞 | E45: 41575 | F45: 大阪府 高槻市 | G45: 8551069183 | H45: 令和6年11月14日から令和7年11月30日まで | J45: =IF(I45<>"",SUBSTITUTE(REPLACE(I45,1,1,"0"),MID(I45,LEN(I45)-1,1),"0"),"") | K45: 利用中
A46: 山本 木綿子 | B46: =SUBSTITUTE(REPLACE(A46,1,1,"〇"),MID(A46,LEN(A46)-1,1),"〇") -> 〇本 木〇子 | C46: 山本 佑成 | D46: =SUBSTITUTE(REPLACE(C46,1,1,"〇"),MID(C46,LEN(C46)-1,1),"〇") -> 〇本 〇成 | E46: 42137 | F46: 大阪府 高槻市 | G46: 8551024170 | H46: 令和6年7月1日から令和7年6月30日まで | I46: 072-690-7209 | J46: =IF(I46<>"",SUBSTITUTE(REPLACE(I46,1,1,"0"),MID(I46,LEN(I46)-1,1),"0"),"") -> 072-690-7209 | K46: 利用中
A47: 吉田 恵 | B47: =SUBSTITUTE(REPLACE(A47,1,1,"〇"),MID(A47,LEN(A47)-1,1),"〇") -> 〇田〇恵 | C47: 吉田 航 | D47: =SUBSTITUTE(REPLACE(C47,1,1,"〇"),MID(C47,LEN(C47)-1,1),"〇") -> 〇田〇航 | E47: 42247 | F47: 大阪府 高槻市 | G47: 8551025383 | H47: 令和6年10月1日から令和7年9月30日まで | I47: 072-629-1006 | J47: =IF(I47<>"",SUBSTITUTE(REPLACE(I47,1,1,"0"),MID(I47,LEN(I47)-1,1),"0"),"") -> 072-629-1006 | K47: 利用中
A48: 芳之内 幸美 | B48: =SUBSTITUTE(REPLACE(A48,1,1,"〇"),MID(A48,LEN(A48)-1,1),"〇") -> 〇之内 〇美 | C48: 芳之内 一樹 | D48: =SUBSTITUTE(REPLACE(C48,1,1,"〇"),MID(C48,LEN(C48)-1,1),"〇") -> 〇之内 〇樹 | E48: 42231 | F48: 大阪府 高槻市 | G48: 8551061537 | H48: 令和6年10月1日から令和7年9月30日まで | J48: =IF(I48<>"",SUBSTITUTE(REPLACE(I48,1,1,"0"),MID(I48,LEN(I48)-1,1),"0"),"") | K48: 利用中
A49: 脇本 秀史 | B49: =SUBSTITUTE(REPLACE(A49,1,1,"〇"),MID(A49,LEN(A49)-1,1),"〇") -> 〇本 〇史 | C49: 脇本 海大朗 | D49: =SUBSTITUTE(REPLACE(C49,1,1,"〇"),MID(C49,LEN(C49)-1,1),"〇") -> 〇本 海〇朗 | E49: 42034 | F49: 大阪府 茨木市 | G49: 5000027853 | H49: 令和7年2月1日から令和8年1月31日まで | J49: =IF(I49<>"",SUBSTITUTE(REPLACE(I49,1,1,"0"),MID(I49,LEN(I49)-1,1),"0"),"") | K49: 利用中
A50: 渡邉 智香子 | B50: =SUBSTITUTE(REPLACE(A50,1,1,"〇"),MID(A50,LEN(A50)-1,1),"〇") -> 〇邉 智〇子 | C50: 渡邉 尊 | D50: =SUBSTITUTE(REPLACE(C50,1,1,"〇"),MID(C50,LEN(C50)-1,1),"〇") -> 〇邉〇尊 | E50: 41458 | F50: 大阪府 高槻市 | G50: 8551013009 | H50: 令和6年9月1日から令和7年8月31日まで | I50: 072-695-0544 | J50: =IF(I50<>"",SUBSTITUTE(REPLACE(I50,1,1,"0"),MID(I50,LEN(I50)-1,1),"0"),"") -> 072-695-0500 | K50: 利用中
A51: 高柳 綾 | B51: =SUBSTITUTE(REPLACE(A51,1,1,"〇"),MID(A51,LEN(A51)-1,1),"〇") -> 〇柳〇綾 | C51: 高柳 一輝 | D51: =SUBSTITUTE(REPLACE(C51,1,1,"〇"),MID(C51,LEN(C51)-1,1),"〇") -> 〇柳 〇輝 | E51: 40397 | F51: 大阪府 高槻市 | G51: 8551005401 | H51: 令和6年10月1日から令和7年9月30日まで | I51: 072-671-4854 | J51: =IF(I51<>"",SUBSTITUTE(REPLACE(I51,1,1,"0"),MID(I51,LEN(I51)-1,1),"0"),"") -> 072-671-4804 | K51: 利用中
A52: 武山 明菜 | B52: =SUBSTITUTE(REPLACE(A52,1,1,"〇"),MID(A52,LEN(A52)-1,1),"〇") -> 〇山 〇菜 | C52: 武山 紘太朗 | D52: =SUBSTITUTE(REPLACE(C52,1,1,"〇"),MID(C52,LEN(C52)-1,1),"〇") -> 〇山 紘〇朗 | E52: 40493 | F52: 大阪府 高槻市 | G52: 8551005179 | H52: 令和7年1月1日から令和7年12月31日まで | J52: =IF(I52<>"",SUBSTITUTE(REPLACE(I52,1,1,"0"),MID(I52,LEN(I52)-1,1),"0"),"") | K52: 利用中
A53: 辻 里沙 | B53: =SUBSTITUTE(REPLACE(A53,1,1,"〇"),MID(A53,LEN(A53)-1,1),"〇") -> 〇 〇沙 | C53: 辻 航史朗 | D53: =SUBSTITUTE(REPLACE(C53,1,1,"〇"),MID(C53,LEN(C53)-1,1),"〇") -> 〇 航〇朗 | E53: 41634 | F53: 大阪府 高槻市 | G53: 8551026563 | H53: 令和7年2月1日から令和8年1月31日まで | J53: =IF(I53<>"",SUBSTITUTE(REPLACE(I53,1,1,"0"),MID(I53,LEN(I53)-1,1),"0"),"") | K53: 利用中
A54: 寺迫 愛 | B54: =SUBSTITUTE(REPLACE(A54,1,1,"〇"),MID(A54,LEN(A54)-1,1),"〇") -> 〇迫〇愛 | C54: 寺迫 紡 | D54: =SUBSTITUTE(REPLACE(C54,1,1,"〇"),MID(C54,LEN(C54)-1,1),"〇") -> 〇迫〇紡 | E54: 42179 | F54: 大阪府 高槻市 | G54: 8551025862 | H54: 令和6年8月1日から令和7年7月31日まで | J54: =IF(I54<>"",SUBSTITUTE(REPLACE(I54,1,1,"0"),MID(I54,LEN(I54)-1,1),"0"),"") | K54: 利用中
A55: 寺本 典子 | B55: =SUBSTITUTE(REPLACE(A55,1,1,"〇"),MID(A55,LEN(A55)-1,1),"〇") -> 〇本 〇子 | C55: 寺本 和真 | D55: =SUBSTITUTE(REPLACE(C55,1,1,"〇"),MID(C55,LEN(C55)-1,1),"〇") -> 〇本 〇真 | E55: 39472 | F55: 大阪府 高槻市 | G55: 8551010047 | H55: 令和7年3月1日から令和8年2月28日まで | I55: 072-675-1386 | J55: =IF(I55<>"",SUBSTITUTE(REPLACE(I55,1,1,"0"),MID(I55,LEN(I55)-1,1),"0"),"") -> 072-675-1306 | K55: 利用中
A56: 遠山 路子 | B56: =SUBSTITUTE(REPLACE(A56,1,1,"〇"),MID(A56,LEN(A56)-1,1),"〇") -> 〇山 〇子 | C56: 遠山 桃弥 | D56: =SUBSTITUTE(REPLACE(C56,1,1,"〇"),MID(C56,LEN(C56)-1,1),"〇") -> 〇山 〇弥 | E56: 42429 | F56: 大阪府 高槻市 | G56: 8551026910 | H56: 令和7年4月1日から令和8年3月31日まで | I56: 072-628-8284 | J56: =IF(I56<>"",SUBSTITUTE(REPLACE(I56,1,1,"0"),MID(I56,LEN(I56)-1,1),"0"),"") -> 072-620-0204 | K56: 利用中
A57: 富岡 和子 | B57: =SUBSTITUTE(REPLACE(A57,1,1,"〇"),MID(A57,LEN(A57)-1,1),"〇") -> 〇岡 〇子 | C57: 富岡 響希 | D57: =SUBSTITUTE(REPLACE(C57,1,1,"〇"),MID(C57,LEN(C57)-1,1),"〇") -> 〇岡 〇希 | E57: 41611 | F57: 大阪府 高槻市 | G57: 8551025409 | H57: 令和7年2月1日から令和8年1月31日まで | I57: 072-628-4318 | J57: =IF(I57<>"",SUBSTITUTE(REPLACE(I57,1,1,"0"),MID(I57,LEN(I57)-1,1),"0"),"") -> 072-628-4308 | K57: 利用中
A58: 富岡 和子 | B58: =SUBSTITUTE(REPLACE(A58,1,1,"〇"),MID(A58,LEN(A58)-1,1),"〇") -> 〇岡 〇子 | C58: 富岡 雫 | D58: =SUBSTITUTE(REPLACE(C58,1,1,"〇"),MID(C58,LEN(C58)-1,1),"〇") -> 〇岡〇雫 | E58: 42419 | F58: 大阪府 高槻市 | G58: 8551070207 | H58: 令和7年4月1日から令和8年3月31日まで | I58: 072-628-4318 | J58: =IF(I58<>"",SUBSTITUTE(REPLACE(I58,1,1,"0"),MID(I58,LEN(I58)-1,1),"0"),"") -> 072-628-4308 | K58: 利用中
A59: 土橋 愛 | B59: =SUBSTITUTE(REPLACE(A59,1,1,"〇"),MID(A59,LEN(A59)-1,1),"〇") -> 〇橋〇愛 | C59: 土橋 柚希 | D59: =SUBSTITUTE(REPLACE(C59,1,1,"〇"),MID(C59,LEN(C59)-1,1),"〇") -> 〇橋 〇希 | E59: 42115 | F59: 大阪府 高槻市 | G59: 8551023743 | H59: 令和7年6月1日から令和8年5月31日まで | I59: 072-655-5145 | J59: =IF(I59<>"",SUBSTITUTE(REPLACE(I59,1,1,"0"),MID(I59,LEN(I59)-1,1),"0"),"") -> 072-655-5105 | K59: 利用中
A60: 内藤 有由美 | B60: =SUBSTITUTE(REPLACE(A60,1,1,"〇"),MID(A60,LEN(A60)-1,1),"〇") -> 〇藤 有〇美 | C60: 内藤 聡祐 | D60: =SUBSTITUTE(REPLACE(C60,1,1,"〇"),MID(C60,LEN(C60)-1,1),"〇") -> 〇藤 〇祐 | E60: 41993 | F60: 大阪府 高槻市 | G60: 8551019725 | H60: 令和7年2月1日から令和8年1月31日まで | I60: 072-629-4359 | J60: =IF(I60<>"",SUBSTITUTE(REPLACE(I60,1,1,"0"),MID(I60,LEN(I60)-1,1),"0"),"") -> 072-629-4309 | K60: 利用中
A61: 中西 恵 | B61: =SUBSTITUTE(REPLACE(A61,1,1,"〇"),MID(A61,LEN(A61)-1,1),"〇") -> 〇西〇恵 | C61: 中西 玲偉 | D61: =SUBSTITUTE(REPLACE(C61,1,1,"〇"),MID(C61,LEN(C61)-1,1),"〇") -> 〇西 〇偉 | E61: 42278 | F61: 大阪府 高槻市 | G61: 8551025888 | H61: 令和6年12月1日から令和7年11月30日まで | J61: =IF(I61<>"",SUBSTITUTE(REPLACE(I61,1,1,"0"),MID(I61,LEN(I61)-1,1),"0"),"") | K61: 利用中
A62: 中原 栄子 | B62: =SUBSTITUTE(REPLACE(A62,1,1,"〇"),MID(A62,LEN(A62)-1,1),"〇") -> 〇原 〇子 | C62: 中原 蒼十朗 | D62: =SUBSTITUTE(REPLACE(C62,1,1,"〇"),MID(C62,LEN(C62)-1,1),"〇") -> 〇原 蒼〇朗 | E62: 41875 | F62: 大阪府 高槻市 | G62: 8551019758 | H62: 令和6年10月1日から令和7年9月30日まで | I62: 072-696-6321 | J62: =IF(I62<>"",SUBSTITUTE(REPLACE(I62,1,1,"0"),MID(I62,LEN(I62)-1,1),"0"),"") -> 070-696-6301 | K62: 利用中
A63: 中村 暢子 | B63: =SUBSTITUTE(REPLACE(A63,1,1,"〇"),MID(A63,LEN(A63)-1,1),"〇") -> 〇村 〇子 | C63: 中村 颯人 | D63: =SUBSTITUTE(REPLACE(C63,1,1,"〇"),MID(C63,LEN(C63)-1,1),"〇") -> 〇村 〇人 | E63: 42400 | F63: 大阪府 高槻市 | G63: 8551030060 | H63: 令和7年3月1日から令和8年2月28日まで | I63: 072-6283-395 | J63: =IF(I63<>"",SUBSTITUTE(REPLACE(I63,1,1,"0"),MID(I63,LEN(I63)-1,1),"0"),"") -> 072-6283-305 | K63: 利用中
A64: 中村 友里 | B64: =SUBSTITUTE(REPLACE(A64,1,1,"〇"),MID(A64,LEN(A64)-1,1),"〇") -> 〇村 〇里 | C64: 中村 大輝 | D64: =SUBSTITUTE(REPLACE(C64,1,1,"〇"),MID(C64,LEN(C64)-1,1),"〇") -> 〇村 〇輝 | E64: 39728 | F64: 大阪府 高槻市 | G64: 3100013873 | H64: 令和6年12月1日から令和7年11月30日まで | I64: 080-1463-0817 | J64: =IF(I64<>"",SUBSTITUTE(REPLACE(I64,1,1,"0"),MID(I64,LEN(I64)-1,1),"0"),"") -> 080-0463-0807 | K64: 利用中
A65: 西田 由佳 | B65: =SUBSTITUTE(REPLACE(A65,1,1,"〇"),MID(A65,LEN(A65)-1,1),"〇") -> 〇田 〇佳 | C65: 西田 幸生 | D65: =SUBSTITUTE(REPLACE(C65,1,1,"〇"),MID(C65,LEN(C65)-1,1),"〇") -> 〇田 〇生 | E65: 42450 | F65: 大阪府 高槻市 | G65: 8551064465 | H65: 令和7年5月1日から令和8年4月30日まで | J65: =IF(I65<>"",SUBSTITUTE(REPLACE(I65,1,1,"0"),MID(I65,LEN(I65)-1,1),"0"),"") | K65: 利用中
A66: 服部 愛 | B66: =SUBSTITUTE(REPLACE(A66,1,1,"〇"),MID(A66,LEN(A66)-1,1),"〇") -> 〇部〇愛 | C66: 服部 由侑 | D66: =SUBSTITUTE(REPLACE(C66,1,1,"〇"),MID(C66,LEN(C66)-1,1),"〇") -> 〇部 〇侑 | E66: 42045 | F66: 大阪府 高槻市 | G66: 8551026373 | H66: 令和7年4月1日から令和8年3月31日まで | I66: 072-675-1724 | J66: =IF(I66<>"",SUBSTITUTE(REPLACE(I66,1,1,"0"),MID(I66,LEN(I66)-1,1),"0"),"") -> 070-675-1704 | K66: 利用中
A67: 林 純子 | B67: =SUBSTITUTE(REPLACE(A67,1,1,"〇"),MID(A67,LEN(A67)-1,1),"〇") -> 〇 〇子 | C67: 林 航希 | D67: =SUBSTITUTE(REPLACE(C67,1,1,"〇"),MID(C67,LEN(C67)-1,1),"〇") -> 〇 〇希 | E67: 41609 | F67: 大阪府 高槻市 | G67: 8551022067 | H67: 令和7年2月1日から令和8年1月31日まで | I67: 072-655-1852 | J67: =IF(I67<>"",SUBSTITUTE(REPLACE(I67,1,1,"0"),MID(I67,LEN(I67)-1,1),"0"),"") -> 072-600-1802 | K67: 利用中
A68: 春木 早百合 | B68: =SUBSTITUTE(REPLACE(A68,1,1,"〇"),MID(A68,LEN(A68)-1,1),"〇") -> 〇木 早〇合 | C68: 春木 嶺汰 | D68: =SUBSTITUTE(REPLACE(C68,1,1,"〇"),MID(C68,LEN(C68)-1,1),"〇") -> 〇木 〇汰 | E68: 40485 | F68: 大阪府 高槻市 | G68: 8551013678 | H68: 令和7年1月1日から令和7年12月31日まで | I68: 072-628-8159 | J68: =IF(I68<>"",SUBSTITUTE(REPLACE(I68,1,1,"0"),MID(I68,LEN(I68)-1,1),"0"),"") -> 072-628-8109 | K68: 利用中
A69: 樋口 広美 | B69: =SUBSTITUTE(REPLACE(A69,1,1,"〇"),MID(A69,LEN(A69)-1,1),"〇") -> 〇口 〇美 | C69: 樋口 瑛己 | D69: =SUBSTITUTE(REPLACE(C69,1,1,"〇"),MID(C69,LEN(C69)-1,1),"〇") -> 〇口 〇己 | E69: 42529 | F69: 大阪府 高槻市 | G69: 8551025623 | H69: 令和6年8月1日から令和7年7月31日まで | I69: 072-668-7665 | J69: =IF(I69<>"",SUBSTITUTE(REPLACE(I69,1,1,"0"),MID(I69,LEN(I69)-1,1),"0"),"") -> 072-008-7005 | K69: 利用中
A70: 藤井 朋世 | B70: =SUBSTITUTE(REPLACE(A70,1,1,"〇"),MID(A70,LEN(A70)-1,1),"〇") -> 〇井 〇世 | C70: 藤井 翔 | D70: =SUBSTITUTE(REPLACE(C70,1,1,"〇"),MID(C70,LEN(C70)-1,1),"〇") -> 〇井〇翔 | E70: 41489 | F70: 大阪府 高槻市 | G70: 8551016374 | H70: 令和6年10月1日から令和7年9月30日まで | I70: 072-671-8983 | J70: =IF(I70<>"",SUBSTITUTE(REPLACE(I70,1,1,"0"),MID(I70,LEN(I70)-1,1),"0"),"") -> 072-671-0903 | K70: 利用中
A71: 藤井 朋世 | B71: =SUBSTITUTE(REPLACE(A71,1,1,"〇"),MID(A71,LEN(A71)-1,1),"〇") -> 〇井 〇世 | C71: 藤井 翼 | D71: =SUBSTITUTE(REPLACE(C71,1,1,"〇"),MID(C71,LEN(C71)-1,1),"〇") -> 〇井〇翼 | E71: 41489 | F71: 大阪府 高槻市 | G71: 8551016382 | H71: 令和6年10月1日から令和7年9月30日まで | I71: 072-671-8983 | J71: =IF(I71<>"",SUBSTITUTE(REPLACE(I71,1,1,"0"),MID(I71,LEN(I71)-1,1),"0"),"") -> 072-671-0903 | K71: 利用中
A72: 藤本 恵 | B72: =SUBSTITUTE(REPLACE(A72,1,1,"〇"),MID(A72,LEN(A72)-1,1),"〇") -> 〇本〇恵 | C72: 藤本 聖 | D72: =SUBSTITUTE(REPLACE(C72,1,1,"〇"),MID(C72,LEN(C72)-1,1),"〇") -> 〇本〇聖 | E72: 42082 | F72: 大阪府 高槻市 | G72: 8551019857 | H72: 令和7年5月1日から令和8年4月30日まで | J72: =IF(I72<>"",SUBSTITUTE(REPLACE(I72,1,1,"0"),MID(I72,LEN(I72)-1,1),"0"),"") | K72: 利用中
A73: 藤本 祐太 | B73: =SUBSTITUTE(REPLACE(A73,1,1,"〇"),MID(A73,LEN(A73)-1,1),"〇") -> 〇本 〇太 | C73: 藤本 悠希 | D73: =SUBSTITUTE(REPLACE(C73,1,1,"〇"),MID(C73,LEN(C73)-1,1),"〇") -> 〇本 〇希 | E73: 42206 | F73: 大阪府 茨木市 | G73: 5000032598 | H73: 令和6年9月1日から令和7年7月31日まで | J73: =IF(I73<>"",SUBSTITUTE(REPLACE(I73,1,1,"0"),MID(I73,LEN(I73)-1,1),"0"),"") | K73: 利用中
A74: 本郷 麻佑 | B74: =SUBSTITUTE(REPLACE(A74,1,1,"〇"),MID(A74,LEN(A74)-1,1),"〇") -> 〇郷 〇佑 | C74: 本郷 駿匠 | D74: =SUBSTITUTE(REPLACE(C74,1,1,"〇"),MID(C74,LEN(C74)-1,1),"〇") -> 〇郷 〇匠 | E74: 39946 | F74: 大阪府 高槻市 | G74: 8551024469 | H74: 令和6年7月1日から令和7年6月30日まで | J74: =IF(I74<>"",SUBSTITUTE(REPLACE(I74,1,1,"0"),MID(I74,LEN(I74)-1,1),"0"),"") | K74: 利用中
A75: 本郷 麻佑 | B75: =SUBSTITUTE(REPLACE(A75,1,1,"〇"),MID(A75,LEN(A75)-1,1),"〇") -> 〇郷 〇佑 | C75: 本郷 蔵之介 | D75: =SUBSTITUTE(REPLACE(C75,1,1,"〇"),MID(C75,LEN(C75)-1,1),"〇") -> 〇郷 蔵〇介 | E75: 40537 | F75: 大阪府 高槻市 | G75: 8551024451 | H75: 令和7年2月1日から令和8年1月31日まで | J75: =IF(I75<>"",SUBSTITUTE(REPLACE(I75,1,1,"0"),MID(I75,LEN(I75)-1,1),"0"),"") | K75: 利用中
A76: 増尾 智宏 | B76: =SUBSTITUTE(REPLACE(A76,1,1,"〇"),MID(A76,LEN(A76)-1,1),"〇") -> 〇尾 〇宏 | C76: 増尾 颯斗 | D76: =SUBSTITUTE(REPLACE(C76,1,1,"〇"),MID(C76,LEN(C76)-1,1),"〇") -> 〇尾 〇斗 | E76: 40675 | F76: 大阪府 高槻市 | G76: 8551011664 | H76: 令和6年7月1日から令和7年6月30日まで | I76: 072-661-0177 | J76: =IF(I76<>"",SUBSTITUTE(REPLACE(I76,1,1,"0"),MID(I76,LEN(I76)-1,1),"0"),"") -> 002-661-0100 | K76: 利用中
A77: 松井 幸子 | B77: =SUBSTITUTE(REPLACE(A77,1,1,"〇"),MID(A77,LEN(A77)-1,1),"〇") -> 〇井 〇子 | C77: 松井 亮弥 | D77: =SUBSTITUTE(REPLACE(C77,1,1,"〇"),MID(C77,LEN(C77)-1,1),"〇") -> 〇井 〇弥 | E77: 42324 | F77: 大阪府 高槻市 | G77: 8551024022 | H77: 令和7年1月6日から令和7年12月31日まで | I77: 072-693-4162 | J77: =IF(I77<>"",SUBSTITUTE(REPLACE(I77,1,1,"0"),MID(I77,LEN(I77)-1,1),"0"),"") -> 072-093-4102 | K77: 利用中
A78: 松岡 紀代子 | B78: =SUBSTITUTE(REPLACE(A78,1,1,"〇"),MID(A78,LEN(A78)-1,1),"〇") -> 〇岡 紀〇子 | C78: 松岡 美希 | D78: =SUBSTITUTE(REPLACE(C78,1,1,"〇"),MID(C78,LEN(C78)-1,1),"〇") -> 〇岡 〇希 | E78: 42363 | F78: 大阪府 高槻市 | G78: 8551025151 | H78: 令和7年2月1日から令和8年1月31日まで | J78: =IF(I78<>"",SUBSTITUTE(REPLACE(I78,1,1,"0"),MID(I78,LEN(I78)-1,1),"0"),"") | K78: 利用中
A79: 松田 みずほ | B79: =SUBSTITUTE(REPLACE(A79,1,1,"〇"),MID(A79,LEN(A79)-1,1),"〇") -> 〇田 み〇ほ | C79: 松田 悠希 | D79: =SUBSTITUTE(REPLACE(C79,1,1,"〇"),MID(C79,LEN(C79)-1,1),"〇") -> 〇田 〇希 | E79: 41053 | F79: 大阪府 高槻市 | G79: 8551022505 | H79: 令和6年7月1日から令和7年6月30日まで | J79: =IF(I79<>"",SUBSTITUTE(REPLACE(I79,1,1,"0"),MID(I79,LEN(I79)-1,1),"0"),"") | K79: 利用中
A80: 松村 珠代 | B80: =SUBSTITUTE(REPLACE(A80,1,1,"〇"),MID(A80,LEN(A80)-1,1),"〇") -> 〇村 〇代 | C80: 松村 晴道 | D80: =SUBSTITUTE(REPLACE(C80,1,1,"〇"),MID(C80,LEN(C80)-1,1),"〇") -> 〇村 〇道 | E80: 40470 | F80: 大阪府 高槻市 | G80: 8551056768 | H80: 令和6年12月1日から令和7年11月30日まで | I80: 072-674-5356 | J80: =IF(I80<>"",SUBSTITUTE(REPLACE(I80,1,1,"0"),MID(I80,LEN(I80)-1,1),"0"),"") -> 072-674-0306 | K80: 利用中
A81: 松村 珠代 | B81: =SUBSTITUTE(REPLACE(A81,1,1,"〇"),MID(A81,LEN(A81)-1,1),"〇") -> 〇村 〇代 | C81: 松村 一花 | D81: =SUBSTITUTE(REPLACE(C81,1,1,"〇"),MID(C81,LEN(C81)-1,1),"〇") -> 〇村 〇花 | E81: 41504 | F81: 大阪府 高槻市 | G81: 8551058061 | H81: 令和6年10月1日から令和7年9月30日まで | I81: 072-674-5356 | J81: =IF(I81<>"",SUBSTITUTE(REPLACE(I81,1,1,"0"),MID(I81,LEN(I81)-1,1),"0"),"") -> 072-674-0306 | K81: 利用中
A82: 松本 豊美 | B82: =SUBSTITUTE(REPLACE(A82,1,1,"〇"),MID(A82,LEN(A82)-1,1),"〇") -> 〇本 〇美 | C82: 松本 理佑 | D82: =SUBSTITUTE(REPLACE(C82,1,1,"〇"),MID(C82,LEN(C82)-1,1),"〇") -> 〇本 〇佑 | E82: 41869 | F82: 大阪府 高槻市 | G82: 8551021952 | H82: 令和6年10月1日から令和7年9月30日まで | I82: 726699797 | J82: =IF(I82<>"",SUBSTITUTE(REPLACE(I82,1,1,"0"),MID(I82,LEN(I82)-1,1),"0"),"") -> 026600707 | K82: 利用中
A83: 三浦 麻美 | B83: =SUBSTITUTE(REPLACE(A83,1,1,"〇"),MID(A83,LEN(A83)-1,1),"〇") -> 〇浦 〇美 | C83: 三浦 峻二朗 | D83: =SUBSTITUTE(REPLACE(C83,1,1,"〇"),MID(C83,LEN(C83)-1,1),"〇") -> 〇浦 峻〇朗 | E83: 41938 | F83: 大阪府 高槻市 | G83: 8551025110 | H83: 令和6年12月1日から令和7年11月30日まで | J83: =IF(I83<>"",SUBSTITUTE(REPLACE(I83,1,1,"0"),MID(I83,LEN(I83)-1,1),"0"),"") | K83: 利用中
A84: 満仲 絵里子 | B84: =SUBSTITUTE(REPLACE(A84,1,1,"〇"),MID(A84,LEN(A84)-1,1),"〇") -> 〇仲 絵〇子 | C84: 満仲 雄大 | D84: =SUBSTITUTE(REPLACE(C84,1,1,"〇"),MID(C84,LEN(C84)-1,1),"〇") -> 〇仲 〇大 | E84: 42619 | F84: 大阪府 高槻市 | G84: 8551028023 | H84: 令和6年11月1日から令和7年10月31日まで | J84: =IF(I84<>"",SUBSTITUTE(REPLACE(I84,1,1,"0"),MID(I84,LEN(I84)-1,1),"0"),"") | K84: 利用中
A85: 村山 智美 | B85: =SUBSTITUTE(REPLACE(A85,1,1,"〇"),MID(A85,LEN(A85)-1,1),"〇") -> 〇山 〇美 | C85: 村山 海渡 | D85: =SUBSTITUTE(REPLACE(C85,1,1,"〇"),MID(C85,LEN(C85)-1,1),"〇") -> 〇山 〇渡 | E85: 42548 | F85: 大阪府 高槻市 | G85: 8551034005 | H85: 令和6年8月1日から令和7年7月31日まで | I85: 072-647-5493 | J85: =IF(I85<>"",SUBSTITUTE(REPLACE(I85,1,1,"0"),MID(I85,LEN(I85)-1,1),"0"),"") -> 072-647-5403 | K85: 利用中
A86: 村山 智美 | B86: =SUBSTITUTE(REPLACE(A86,1,1,"〇"),MID(A86,LEN(A86)-1,1),"〇") -> 〇山 〇美 | C86: 村山 聡美 | D86: =SUBSTITUTE(REPLACE(C86,1,1,"〇"),MID(C86,LEN(C86)-1,1),"〇") -> 〇山 〇美 | E86: 43168 | F86: 大阪府 高槻市 | G86: 8551034013 | H86: 令和7年5月1日から令和8年4月30日まで | I86: 072-647-5493 | J86: =IF(I86<>"",SUBSTITUTE(REPLACE(I86,1,1,"0"),MID(I86,LEN(I86)-1,1),"0"),"") -> 072-647-5403 | K86: 利用中
A87: 森本 響子 | B87: =SUBSTITUTE(REPLACE(A87,1,1,"〇"),MID(A87,LEN(A87)-1,1),"〇") -> 〇本 〇子 | C87: 森本 雄詠 | D87: =SUBSTITUTE(REPLACE(C87,1,1,"〇"),MID(C87,LEN(C87)-1,1),"〇") -> 〇本 〇詠 | E87: 41141 | F87: 大阪府 高槻市 | G87: 8551017554 | H87: 令和6年10月1日から令和7年9月30日まで | J87: =IF(I87<>"",SUBSTITUTE(REPLACE(I87,1,1,"0"),MID(I87,LEN(I87)-1,1),"0"),"") | K87: 利用中
A88: 森本 響子 | B88: =SUBSTITUTE(REPLACE(A88,1,1,"〇"),MID(A88,LEN(A88)-1,1),"〇") -> 〇本 〇子 | C88: 森本 凱翔 | D88: =SUBSTITUTE(REPLACE(C88,1,1,"〇"),MID(C88,LEN(C88)-1,1),"〇") -> 〇本 〇翔 | E88: 41837 | F88: 大阪府 高槻市 | G88: 8551028254 | H88: 令和6年9月1日から令和7年8月31日まで | J88: =IF(I88<>"",SUBSTITUTE(REPLACE(I88,1,1,"0"),MID(I88,LEN(I88)-1,1),"0"),"") | K88: 利用中
A89: 安本 ちひろ | B89: =SUBSTITUTE(REPLACE(A89,1,1,"〇"),MID(A89,LEN(A89)-1,1),"〇") -> 〇本 ち〇ろ | C89: 安本 善哉 | D89: =SUBSTITUTE(REPLACE(C89,1,1,"〇"),MID(C89,LEN(C89)-1,1),"〇") -> 〇本 〇哉 | E89: 40163 | F89: 大阪府 高槻市 | G89: 8551017026 | H89: 令和7年2月1日から令和8年1月31日まで | J89: =IF(I89<>"",SUBSTITUTE(REPLACE(I89,1,1,"0"),MID(I89,LEN(I89)-1,1),"0"),"") | K89: 利用中
A90: 柳井 春江 | B90: =SUBSTITUTE(REPLACE(A90,1,1,"〇"),MID(A90,LEN(A90)-1,1),"〇") -> 〇井 〇江 | C90: 柳井 琢磨 | D90: =SUBSTITUTE(REPLACE(C90,1,1,"〇"),MID(C90,LEN(C90)-1,1),"〇") -> 〇井 〇磨 | E90: 41233 | F90: 大阪府 高槻市 | G90: 8551017950 | H90: 令和7年1月1日から令和7年12月31日まで | J90: =IF(I90<>"",SUBSTITUTE(REPLACE(I90,1,1,"0"),MID(I90,LEN(I90)-1,1),"0"),"") | K90: 利用中
A91: 山岡 朋子 | B91: =SUBSTITUTE(REPLACE(A91,1,1,"〇"),MID(A91,LEN(A91)-1,1),"〇") -> 〇岡 〇子 | C91: 山岡 隆星 | D91: =SUBSTITUTE(REPLACE(C91,1,1,"〇"),MID(C91,LEN(C91)-1,1),"〇") -> 〇岡 〇星 | E91: 40996 | F91: 大阪府 高槻市 | G91: 8551062360 | H91: 令和7年5月1日から令和8年4月30日まで | I91: 080-3801-6905 | J91: =IF(I91<>"",SUBSTITUTE(REPLACE(I91,1,1,"0"),MID(I91,LEN(I91)-1,1),"0"),"") -> 080-3801-6905 | K91: 利用中
A92: 山口 久恵 | B92: =SUBSTITUTE(REPLACE(A92,1,1,"〇"),MID(A92,LEN(A92)-1,1),"〇") -> 〇口 〇恵 | C92: 山口 岳 | D92: =SUBSTITUTE(REPLACE(C92,1,1,"〇"),MID(C92,LEN(C92)-1,1),"〇") -> 〇口〇岳 | E92: 42178 | F92: 大阪府 高槻市 | G92: 8551052338 | H92: 令和6年8月1日から令和7年7月31日まで | J92: =IF(I92<>"",SUBSTITUTE(REPLACE(I92,1,1,"0"),MID(I92,LEN(I92)-1,1),"0"),"") | K92: 利用中
A93: 山口 陽子 | B93: =SUBSTITUTE(REPLACE(A93,1,1,"〇"),MID(A93,LEN(A93)-1,1),"〇") -> 〇口 〇子 | C93: 山口 莉舞 | D93: =SUBSTITUTE(REPLACE(C93,1,1,"〇"),MID(C93,LEN(C93)-1,1),"〇") -> 〇口 〇舞 | E93: 41575 | F93: 大阪府 高槻市 | G93: 8551069183 | H93: 令和6年11月14日から令和7年11月30日まで | J93: =IF(I93<>"",SUBSTITUTE(REPLACE(I93,1,1,"0"),MID(I93,LEN(I93)-1,1),"0"),"") | K93: 利用中
A94: 山本 木綿子 | B94: =SUBSTITUTE(REPLACE(A94,1,1,"〇"),MID(A94,LEN(A94)-1,1),"〇") -> 〇本 木〇子 | C94: 山本 佑成 | D94: =SUBSTITUTE(REPLACE(C94,1,1,"〇"),MID(C94,LEN(C94)-1,1),"〇") -> 〇本 〇成 | E94: 42137 | F94: 大阪府 高槻市 | G94: 8551024170 | H94: 令和6年7月1日から令和7年6月30日まで | I94: 072-690-7209 | J94: =IF(I94<>"",SUBSTITUTE(REPLACE(I94,1,1,"0"),MID(I94,LEN(I94)-1,1),"0"),"") -> 072-690-7209 | K94: 利用中
A95: 吉田 恵 | B95: =SUBSTITUTE(REPLACE(A95,1,1,"〇"),MID(A95,LEN(A95)-1,1),"〇") -> 〇田〇恵 | C95: 吉田 航 | D95: =SUBSTITUTE(REPLACE(C95,1,1,"〇"),MID(C95,LEN(C95)-1,1),"〇") -> 〇田〇航 | E95: 42247 | F95: 大阪府 高槻市 | G95: 8551025383 | H95: 令和6年10月1日から令和7年9月30日まで | I95: 072-629-1006 | J95: =IF(I95<>"",SUBSTITUTE(REPLACE(I95,1,1,"0"),MID(I95,LEN(I95)-1,1),"0"),"") -> 072-629-1006 | K95: 利用中
A96: 芳之内 幸美 | B96: =SUBSTITUTE(REPLACE(A96,1,1,"〇"),MID(A96,LEN(A96)-1,1),"〇") -> 〇之内 〇美 | C96: 芳之内 一樹 | D96: =SUBSTITUTE(REPLACE(C96,1,1,"〇"),MID(C96,LEN(C96)-1,1),"〇") -> 〇之内 〇樹 | E96: 42231 | F96: 大阪府 高槻市 | G96: 8551061537 | H96: 令和6年10月1日から令和7年9月30日まで | J96: =IF(I96<>"",SUBSTITUTE(REPLACE(I96,1,1,"0"),MID(I96,LEN(I96)-1,1),"0"),"") | K96: 利用中
A97: 脇本 秀史 | B97: =SUBSTITUTE(REPLACE(A97,1,1,"〇"),MID(A97,LEN(A97)-1,1),"〇") -> 〇本 〇史 | C97: 脇本 海大朗 | D97: =SUBSTITUTE(REPLACE(C97,1,1,"〇"),MID(C97,LEN(C97)-1,1),"〇") -> 〇本 海〇朗 | E97: 42034 | F97: 大阪府 茨木市 | G97: 5000027853 | H97: 令和7年2月1日から令和8年1月31日まで | J97: =IF(I97<>"",SUBSTITUTE(REPLACE(I97,1,1,"0"),MID(I97,LEN(I97)-1,1),"0"),"") | K97: 利用中
A98: 渡邉 智香子 | B98: =SUBSTITUTE(REPLACE(A98,1,1,"〇"),MID(A98,LEN(A98)-1,1),"〇") -> 〇邉 智〇子 | C98: 渡邉 尊 | D98: =SUBSTITUTE(REPLACE(C98, 1, 1, "〇"),RIGHTB(C98,2),"〇") -> 〇邉 〇 | E98: 41458 | F98: 大阪府 高槻市 | G98: 8551013009 | H98: 令和6年9月1日から令和7年8月31日まで | I98: 072-695-0544 | J98: =IF(I98<>"",SUBSTITUTE(REPLACE(I98,1,1,"0"),MID(I98,LEN(I98)-1,1),"0"),"") -> 072-695-0500 | K98: 利用中

Sheet 職員情報CSV
A1: 所属 | B1: 社員番号 | C1: 職員名 | D1: 職員名（伏字） | E1: 職員カナ | F1: 職員カナ（伏字） | G1: 入社年月日 | H1: 退社年月日 | I1: 郵便番号 | J1: 都道府県 | K1: 市区町村 | L1: 町名以下 | M1: 建物名 | N1: 職員電話番号 | O1: 職員電話番号（伏字） | P1: 職員携帯電話番号 | Q1: 職員携帯電話番号（伏字） | R1: 職員Eメールアドレス | S1: 雇用形態 | T1: 在職状況 | U1: 介護支援専門員 | V1: 介護福祉士 | W1: ホームヘルパー1級 | X1: ホームヘルパー2級 | Y1: 看護師 | Z1: 准看護師 | AA1: 保健師 | AB1: 理学療法士 | AC1: 作業療法士 | AD1: 言語聴覚士 | AE1: 医師 | AF1: 薬剤師 | AG1: 管理栄養士 | AH1: 歯科衛生士 | AI1: 柔道整復師 | AJ1: あん摩マッサージ指圧師 | AK1: 社会福祉主事 | AL1: 社会福祉士 | AM1: 精神保健福祉士 | AN1: 義肢装具士 | AO1: 介護職員基礎研修 | AP1: 介護職員初任者研修 | AQ1: 介護福祉士実務者研修 | AR1: 福祉住環境コーディネーター1級 | AS1: 福祉住環境コーディネーター2級 | AT1: 福祉住環境コーディネーター3級 | AU1: 居宅介護職員初任者研修課程 | AV1: 障害者居宅介護従業者基礎研修課程 | AW1: 重度訪問介護従業者養成研修(基礎) | AX1: 重度訪問介護従業者養成研修(追加) | AY1: 行動援護従業者養成研修 | AZ1: 同行援護従業者養成研修(一般) | BA1: 同行援護従業者養成研修(応用) | BB1: 視覚障害者ガイド養成研修修了者 | BC1: 全身性障害者ガイド養成研修修了者 | BD1: 知的障害者ガイド養成研修修了者 | BE1: 児童発達支援管理責任者 | BF1: 心理士 | BG1: 児童指導員 | BH1: 調理師
A2: 放課後等デイサービス きららステム西冠 | C2: 佐藤 裕美 | D2: =SUBSTITUTE(REPLACE(C2,1,1,"〇"),MID(C2,LEN(C2)-1,1),"〇") -> 〇藤 〇美 | E2: サトウ ヒロミ | F2: =SUBSTITUTE(REPLACE(E2,1,1,"〇"),MID(E2,LEN(E2)-1,1),"〇") -> 〇トウ ヒ〇ミ | O2: =IF(N2<>"",SUBSTITUTE(REPLACE(N2,1,1,"0"),MID(N2,LEN(N2)-1,1),"0"),"") | Q2: =IF(P2<>"",SUBSTITUTE(REPLACE(P2,1,1,"0"),MID(P2,LEN(P2)-1,1),"0"),"") | S2: 常勤 | T2: 在職中
A3: 放課後等デイサービス きららステム西冠 | C3: 高木 亜紗美 | D3: =SUBSTITUTE(REPLACE(C3,1,1,"〇"),MID(C3,LEN(C3)-1,1),"〇") -> 〇木 亜〇美 | E3: タカギ アサミ | F3: =SUBSTITUTE(REPLACE(E3,1,1,"〇"),MID(E3,LEN(E3)-1,1),"〇") -> 〇カギ ア〇ミ | H3: 45565 | O3: =IF(N3<>"",SUBSTITUTE(REPLACE(N3,1,1,"0"),MID(N3,LEN(N3)-1,1),"0"),"") | Q3: =IF(P3<>"",SUBSTITUTE(REPLACE(P3,1,1,"0"),MID(P3,LEN(P3)-1,1),"0"),"") | S3: 常勤 | T3: 退社済
A4: 放課後等デイサービス きららステム西冠 | C4: 脇本 秀史 | D4: =SUBSTITUTE(REPLACE(C4,1,1,"〇"),MID(C4,LEN(C4)-1,1),"〇") -> 〇本 〇史 | E4: ワキモト ヒデシ | F4: =SUBSTITUTE(REPLACE(E4,1,1,"〇"),MID(E4,LEN(E4)-1,1),"〇") -> 〇キモト ヒ〇シ | O4: =IF(N4<>"",SUBSTITUTE(REPLACE(N4,1,1,"0"),MID(N4,LEN(N4)-1,1),"0"),"") | Q4: =IF(P4<>"",SUBSTITUTE(REPLACE(P4,1,1,"0"),MID(P4,LEN(P4)-1,1),"0"),"") | S4: 常勤 | T4: 在職中
A5: 放課後等デイサービス きららステム西冠 | C5: 秋田 まなみ | D5: =SUBSTITUTE(REPLACE(C5,1,1,"〇"),MID(C5,LEN(C5)-1,1),"〇") -> 〇田 ま〇み | E5: アキタ マナミ | F5: =SUBSTITUTE(REPLACE(E5,1,1,"〇"),MID(E5,LEN(E5)-1,1),"〇") -> 〇キタ マ〇ミ | H5: 45553 | O5: =IF(N5<>"",SUBSTITUTE(REPLACE(N5,1,1,"0"),MID(N5,LEN(N5)-1,1),"0"),"") | Q5: =IF(P5<>"",SUBSTITUTE(REPLACE(P5,1,1,"0"),MID(P5,LEN(P5)-1,1),"0"),"") | S5: 常勤 | T5: 退社済
A6: 放課後等デイサービス きららステム西冠 | C6: 堀内 千弘 | D6: =SUBSTITUTE(REPLACE(C6,1,1,"〇"),MID(C6,LEN(C6)-1,1),"〇") -> 〇内 〇弘 | E6: ホリウチ チヒロ | F6: =SUBSTITUTE(REPLACE(E6,1,1,"〇"),MID(E6,LEN(E6)-1,1),"〇") -> 〇リウチ チ〇ロ | H6: 45747 | O6: =IF(N6<>"",SUBSTITUTE(REPLACE(N6,1,1,"0"),MID(N6,LEN(N6)-1,1),"0"),"") | Q6: =IF(P6<>"",SUBSTITUTE(REPLACE(P6,1,1,"0"),MID(P6,LEN(P6)-1,1),"0"),"") | S6: 常勤 | T6: 退社済
A7: 放課後等デイサービス きららステム西冠 | C7: 伊神 智哉 | D7: =SUBSTITUTE(REPLACE(C7,1,1,"〇"),MID(C7,LEN(C7)-1,1),"〇") -> 〇神 〇哉 | E7: イカミ トモヤ | F7: =SUBSTITUTE(REPLACE(E7,1,1,"〇"),MID(E7,LEN(E7)-1,1),"〇") -> 〇カミ ト〇ヤ | O7: =IF(N7<>"",SUBSTITUTE(REPLACE(N7,1,1,"0"),MID(N7,LEN(N7)-1,1),"0"),"") | Q7: =IF(P7<>"",SUBSTITUTE(REPLACE(P7,1,1,"0"),MID(P7,LEN(P7)-1,1),"0"),"") | S7: 常勤 | T7: 在職中
A8: 放課後等デイサービス きららステム西冠 | C8: 中辻 幸二 | D8: =SUBSTITUTE(REPLACE(C8,1,1,"〇"),MID(C8,LEN(C8)-1,1),"〇") -> 〇辻 〇二 | E8: ナカツジ コウジ | F8: =SUBSTITUTE(REPLACE(E8,1,1,"〇"),MID(E8,LEN(E8)-1,1),"〇") -> 〇カツジ コ〇ジ | O8: =IF(N8<>"",SUBSTITUTE(REPLACE(N8,1,1,"0"),MID(N8,LEN(N8)-1,1),"0"),"") | Q8: =IF(P8<>"",SUBSTITUTE(REPLACE(P8,1,1,"0"),MID(P8,LEN(P8)-1,1),"0"),"") | S8: 非常勤 | T8: 在職中 | BG8: 取得日不明
A9: 放課後等デイサービス きららステム西冠 | C9: 佐藤 匠 | D9: =SUBSTITUTE(REPLACE(C9,1,1,"〇"),MID(C9,LEN(C9)-1,1),"〇") -> 〇藤〇匠 | E9: サトウ タクミ | F9: =SUBSTITUTE(REPLACE(E9,1,1,"〇"),MID(E9,LEN(E9)-1,1),"〇") -> 〇トウ タ〇ミ | H9: 45716 | O9: =IF(N9<>"",SUBSTITUTE(REPLACE(N9,1,1,"0"),MID(N9,LEN(N9)-1,1),"0"),"") | Q9: =IF(P9<>"",SUBSTITUTE(REPLACE(P9,1,1,"0"),MID(P9,LEN(P9)-1,1),"0"),"") | S9: 非常勤 | T9: 退社済
A10: 放課後等デイサービス きららステム西冠 | C10: 稲垣 敏和 | D10: =SUBSTITUTE(REPLACE(C10,1,1,"〇"),MID(C10,LEN(C10)-1,1),"〇") -> 〇垣 〇和 | E10: イナガキ トシカズ | F10: =SUBSTITUTE(REPLACE(E10,1,1,"〇"),MID(E10,LEN(E10)-1,1),"〇") -> 〇ナガキ トシ〇ズ | O10: =IF(N10<>"",SUBSTITUTE(REPLACE(N10,1,1,"0"),MID(N10,LEN(N10)-1,1),"0"),"") | Q10: =IF(P10<>"",SUBSTITUTE(REPLACE(P10,1,1,"0"),MID(P10,LEN(P10)-1,1),"0"),"") | S10: 非常勤 | T10: 在職中 | BG10: 取得日不明
A11: 放課後等デイサービス きららステム西冠 | C11: 佐能 美弥子 | D11: =SUBSTITUTE(REPLACE(C11,1,1,"〇"),MID(C11,LEN(C11)-1,1),"〇") -> 〇能 美〇子 | E11: サノウ ミヤコ | F11: =SUBSTITUTE(REPLACE(E11,1,1,"〇"),MID(E11,LEN(E11)-1,1),"〇") -> 〇ノウ ミ〇コ | O11: =IF(N11<>"",SUBSTITUTE(REPLACE(N11,1,1,"0"),MID(N11,LEN(N11)-1,1),"0"),"") | Q11: =IF(P11<>"",SUBSTITUTE(REPLACE(P11,1,1,"0"),MID(P11,LEN(P11)-1,1),"0"),"") | S11: 非常勤 | T11: 在職中 | AC11: 取得日不明
A12: 放課後等デイサービス きららステム西冠 | C12: 竹内 正明 | D12: =SUBSTITUTE(REPLACE(C12,1,1,"〇"),MID(C12,LEN(C12)-1,1),"〇") -> 〇内 〇明 | E12: タケウチ マサアキ | F12: =SUBSTITUTE(REPLACE(E12,1,1,"〇"),MID(E12,LEN(E12)-1,1),"〇") -> 〇ケウチ マサ〇キ | H12: 45747 | I12: 5731184 | O12: =IF(N12<>"",SUBSTITUTE(REPLACE(N12,1,1,"0"),MID(N12,LEN(N12)-1,1),"0"),"") | P12: 8031324065 | Q12: =IF(P12<>"",SUBSTITUTE(REPLACE(P12,1,1,"0"),MID(P12,LEN(P12)-1,1),"0"),"") -> 0031324005 | S12: 常勤 | T12: 退社済 | AW12: 42710 | AY12: 42710 | AZ12: 42710 | BA12: 42710 | BC12: 42710 | BG12: 取得日不明
A13: 放課後等デイサービス きららステム西冠 | C13: 清家 祐子 | D13: =SUBSTITUTE(REPLACE(C13,1,1,"〇"),MID(C13,LEN(C13)-1,1),"〇") -> 〇家 〇子 | E13: セイケ ユウコ | F13: =SUBSTITUTE(REPLACE(E13,1,1,"〇"),MID(E13,LEN(E13)-1,1),"〇") -> 〇イケ ユ〇コ | G13: 45485 | N13: 072-637-3991 | O13: =IF(N13<>"",SUBSTITUTE(REPLACE(N13,1,1,"0"),MID(N13,LEN(N13)-1,1),"0"),"") -> 072-637-3001 | P13: 070-8591-1880 | Q13: =IF(P13<>"",SUBSTITUTE(REPLACE(P13,1,1,"0"),MID(P13,LEN(P13)-1,1),"0"),"") -> 070-0591-1000 | S13: 非常勤 | T13: 在職中
A14: 放課後等デイサービス きららステム西冠 | C14: 西尾 瑠美 | D14: =SUBSTITUTE(REPLACE(C14,1,1,"〇"),MID(C14,LEN(C14)-1,1),"〇") -> 〇尾 〇美 | E14: ニシオ ルミ | F14: =SUBSTITUTE(REPLACE(E14,1,1,"〇"),MID(E14,LEN(E14)-1,1),"〇") -> 〇シオ 〇ミ | O14: =IF(N14<>"",SUBSTITUTE(REPLACE(N14,1,1,"0"),MID(N14,LEN(N14)-1,1),"0"),"") | Q14: =IF(P14<>"",SUBSTITUTE(REPLACE(P14,1,1,"0"),MID(P14,LEN(P14)-1,1),"0"),"") | S14: 常勤 | T14: 在職中 | BG14: 取得日不明
A15: 放課後等デイサービス きららステム西冠 | C15: 東川 直也 | D15: =SUBSTITUTE(REPLACE(C15,1,1,"〇"),MID(C15,LEN(C15)-1,1),"〇") -> 〇川 〇也 | E15: ヒガシカワ ナオヤ | F15: =SUBSTITUTE(REPLACE(E15,1,1,"〇"),MID(E15,LEN(E15)-1,1),"〇") -> 〇ガシカワ ナ〇ヤ | O15: =IF(N15<>"",SUBSTITUTE(REPLACE(N15,1,1,"0"),MID(N15,LEN(N15)-1,1),"0"),"") | Q15: =IF(P15<>"",SUBSTITUTE(REPLACE(P15,1,1,"0"),MID(P15,LEN(P15)-1,1),"0"),"") | S15: 常勤 | T15: 在職中
A16: 放課後等デイサービス きららステム西冠 | C16: 新谷 美春 | D16: =SUBSTITUTE(REPLACE(C16,1,1,"〇"),MID(C16,LEN(C16)-1,1),"〇") -> 〇谷 〇春 | E16: シンタニ ミハル | F16: =SUBSTITUTE(REPLACE(E16,1,1,"〇"),MID(E16,LEN(E16)-1,1),"〇") -> 〇ンタニ ミ〇ル | H16: 45747 | O16: =IF(N16<>"",SUBSTITUTE(REPLACE(N16,1,1,"0"),MID(N16,LEN(N16)-1,1),"0"),"") | Q16: =IF(P16<>"",SUBSTITUTE(REPLACE(P16,1,1,"0"),MID(P16,LEN(P16)-1,1),"0"),"") | S16: 非常勤 | T16: 退社済

Sheet 利用者情報CSV
A1: 利用者名 | B1: 利用者名（伏字） | C1: 利用者カナ | D1: 利用者カナ（伏字） | E1: 利用者生年月日 | F1: 性別 | G1: 郵便番号 | H1: 都道府県 | I1: 市区町村 | J1: 町名以下 | K1: 町名以下（伏字） | L1: 建物名 | M1: 建物名（伏字） | N1: 利用者電話番号 | O1: 利用者電話番号（伏字） | P1: 利用者携帯電話番号 | Q1: 利用者携帯電話番号（伏字） | R1: 請求方法 | S1: 請求送付先 | T1: 請求先氏名 | U1: 続柄 | V1: 請求先郵便番号 | W1: 請求先都道府県 | X1: 請求先市区町村 | Y1: 請求先町名以下 | Z1: 請求先建物名 | AA1: 請求先電話番号 | AB1: 顧客番号 | AC1: 銀行番号 | AD1: 支店番号 | AE1: 口座種別 | AF1: 口座番号 | AG1: 口座名義名カナ | AH1: 利用者状態 | AI1: 備考
A2: 秋山 文子 | B2: =SUBSTITUTE(REPLACE(A2,1,1,"〇"),MID(A2,LEN(A2)-1,1),"〇") -> 〇山 〇子 | C2: アキヤマ フミコ | D2: =SUBSTITUTE(REPLACE(C2,1,1,"〇"),MID(C2,LEN(C2)-1,1),"〇") -> 〇キヤマ フ〇コ | E2: 27990 | F2: 女 | G2: 5690084 | H2: 大阪府 | I2: 高槻市 | J2: 沢良木町18番6-1210号 | K2: =LEFT(SUBSTITUTE(REPLACE(J2,1,1,"〇"),MID(J2,3,1),"〇"),4) -> 〇良〇町 | L2: プラネ高槻ガーデンライフ | M2: =IF(L2<>"",LEFT(SUBSTITUTE(REPLACE(L2,1,1,"〇"),MID(L2,3,1),"〇"),4),"") -> 〇ラ〇高 | O2: =IF(N2<>"",SUBSTITUTE(REPLACE(N2,3,1,"0"),MID(N2,LEN(N2)-1,1),"0"),"") | P2: 080-4134-8874 | Q2: =IF(P2<>"",SUBSTITUTE(REPLACE(P2,2,1,"4"),MID(P2,LEN(P2)-1,1),"0"),"") -> 040-4134-8804 | R2: SMBC口座振替 | S2: 本人 | AE2: なし | AH2: 利用中
A3: 浅井 美貴 | B3: =SUBSTITUTE(REPLACE(A3,1,1,"〇"),MID(A3,LEN(A3)-1,1),"〇") -> 〇井 〇貴 | C3: アサイ ミキ | D3: =SUBSTITUTE(REPLACE(C3,1,1,"〇"),MID(C3,LEN(C3)-1,1),"〇") -> 〇サイ 〇キ | E3: 27912 | F3: 女 | G3: 5690826 | H3: 大阪府 | I3: 高槻市 | J3: 寿町2丁目25番25号 | K3: =LEFT(SUBSTITUTE(REPLACE(J3,1,1,"〇"),MID(J3,3,1),"〇"),4) -> 〇町〇丁 | L3: シャトレーコトブキ101号 | M3: =IF(L3<>"",LEFT(SUBSTITUTE(REPLACE(L3,1,1,"〇"),MID(L3,3,1),"〇"),4),"") -> 〇ャ〇レ | O3: =IF(N3<>"",SUBSTITUTE(REPLACE(N3,3,1,"0"),MID(N3,LEN(N3)-1,1),"0"),"") | P3: 080-2433-8373 | Q3: =IF(P3<>"",SUBSTITUTE(REPLACE(P3,2,1,"4"),MID(P3,LEN(P3)-1,1),"0"),"") -> 040-2433-8303 | R3: 集金 | S3: 本人 | AE3: なし | AH3: 利用中
A4: 熱田 薫 | B4: =SUBSTITUTE(REPLACE(A4,1,1,"〇"),MID(A4,LEN(A4)-1,1),"〇") -> 〇田〇薫 | C4: アツタ カオル | D4: =SUBSTITUTE(REPLACE(C4,1,1,"〇"),MID(C4,LEN(C4)-1,1),"〇") -> 〇ツタ カ〇ル | E4: 31486 | F4: 女 | G4: 5690056 | H4: 大阪府 | I4: 高槻市 | J4: 城南町3丁目12番9号 | K4: =LEFT(SUBSTITUTE(REPLACE(J4,1,1,"〇"),MID(J4,3,1),"〇"),4) -> 〇南〇3 | M4: =IF(L4<>"",LEFT(SUBSTITUTE(REPLACE(L4,1,1,"〇"),MID(L4,3,1),"〇"),4),"") | O4: =IF(N4<>"",SUBSTITUTE(REPLACE(N4,3,1,"0"),MID(N4,LEN(N4)-1,1),"0"),"") | P4: 070-4440-8994 | Q4: =IF(P4<>"",SUBSTITUTE(REPLACE(P4,2,1,"4"),MID(P4,LEN(P4)-1,1),"0"),"") -> 040-4440-8004 | R4: 集金 | S4: 本人 | AE4: なし | AH4: 利用中
A5: 天野 千寿子 | B5: =SUBSTITUTE(REPLACE(A5,1,1,"〇"),MID(A5,LEN(A5)-1,1),"〇") -> 〇野 千〇子 | C5: アマノ チズコ | D5: =SUBSTITUTE(REPLACE(C5,1,1,"〇"),MID(C5,LEN(C5)-1,1),"〇") -> 〇マノ チ〇コ | E5: 30680 | F5: 女 | G5: 5690082 | H5: 大阪府 | I5: 高槻市 | J5: 明野町５番２０－２０７号 | K5: =LEFT(SUBSTITUTE(REPLACE(J5,1,1,"〇"),MID(J5,3,1),"〇"),4) -> 〇野〇５ | M5: =IF(L5<>"",LEFT(SUBSTITUTE(REPLACE(L5,1,1,"〇"),MID(L5,3,1),"〇"),4),"") | O5: =IF(N5<>"",SUBSTITUTE(REPLACE(N5,3,1,"0"),MID(N5,LEN(N5)-1,1),"0"),"") | P5: 080-5311-5008 | Q5: =IF(P5<>"",SUBSTITUTE(REPLACE(P5,2,1,"4"),MID(P5,LEN(P5)-1,1),"0"),"") -> 040-5311-5008 | R5: SMBC口座振替 | S5: 本人 | AE5: なし | AH5: 利用中
A6: 網野 郁絵 | B6: =SUBSTITUTE(REPLACE(A6,1,1,"〇"),MID(A6,LEN(A6)-1,1),"〇") -> 〇野 〇絵 | C6: アミノ イクエ | D6: =SUBSTITUTE(REPLACE(C6,1,1,"〇"),MID(C6,LEN(C6)-1,1),"〇") -> 〇ミノ イ〇エ | E6: 28924 | F6: 女 | G6: 5690823 | H6: 大阪府 | I6: 高槻市 | J6: 芝生町２丁目５８番７号 | K6: =LEFT(SUBSTITUTE(REPLACE(J6,1,1,"〇"),MID(J6,3,1),"〇"),4) -> 〇生〇２ | M6: =IF(L6<>"",LEFT(SUBSTITUTE(REPLACE(L6,1,1,"〇"),MID(L6,3,1),"〇"),4),"") | O6: =IF(N6<>"",SUBSTITUTE(REPLACE(N6,3,1,"0"),MID(N6,LEN(N6)-1,1),"0"),"") | P6: 070-1773-0310 | Q6: =IF(P6<>"",SUBSTITUTE(REPLACE(P6,2,1,"4"),MID(P6,LEN(P6)-1,1),"0"),"") -> 040-0773-0300 | R6: SMBC口座振替 | S6: 本人 | AE6: なし | AH6: 利用中
A7: 家里 夏子 | B7: =SUBSTITUTE(REPLACE(A7,1,1,"〇"),MID(A7,LEN(A7)-1,1),"〇") -> 〇里 〇子 | C7: イエサト ナツコ | D7: =SUBSTITUTE(REPLACE(C7,1,1,"〇"),MID(C7,LEN(C7)-1,1),"〇") -> 〇エサト ナ〇コ | E7: 27272 | F7: 女 | G7: 5690095 | H7: 大阪府 | I7: 高槻市 | J7: 八丁西町８番２１ー２０１号 | K7: =LEFT(SUBSTITUTE(REPLACE(J7,1,1,"〇"),MID(J7,3,1),"〇"),4) -> 〇丁〇町 | M7: =IF(L7<>"",LEFT(SUBSTITUTE(REPLACE(L7,1,1,"〇"),MID(L7,3,1),"〇"),4),"") | O7: =IF(N7<>"",SUBSTITUTE(REPLACE(N7,3,1,"0"),MID(N7,LEN(N7)-1,1),"0"),"") | P7: 090-1761-8380 | Q7: =IF(P7<>"",SUBSTITUTE(REPLACE(P7,2,1,"4"),MID(P7,LEN(P7)-1,1),"0"),"") -> 040-1761-0300 | R7: SMBC口座振替 | S7: 本人 | AE7: なし | AH7: 利用中
A8: 石原 由紀子 | B8: =SUBSTITUTE(REPLACE(A8,1,1,"〇"),MID(A8,LEN(A8)-1,1),"〇") -> 〇原 由〇子 | C8: イシハラ ユキコ | D8: =SUBSTITUTE(REPLACE(C8,1,1,"〇"),MID(C8,LEN(C8)-1,1),"〇") -> 〇シハラ ユ〇コ | E8: 31891 | F8: 女 | G8: 5690043 | H8: 大阪府 | I8: 高槻市 | J8: 竹の内町42番10号 | K8: =LEFT(SUBSTITUTE(REPLACE(J8,1,1,"〇"),MID(J8,3,1),"〇"),4) -> 〇の〇町 | M8: =IF(L8<>"",LEFT(SUBSTITUTE(REPLACE(L8,1,1,"〇"),MID(L8,3,1),"〇"),4),"") | N8: 090-5361-8133 | O8: =IF(N8<>"",SUBSTITUTE(REPLACE(N8,3,1,"0"),MID(N8,LEN(N8)-1,1),"0"),"") -> 090-5061-8100 | Q8: =IF(P8<>"",SUBSTITUTE(REPLACE(P8,2,1,"4"),MID(P8,LEN(P8)-1,1),"0"),"") | R8: SMBC口座振替 | S8: 本人 | AE8: なし | AH8: 利用中
A9: 伊藤 麻紀子 | B9: =SUBSTITUTE(REPLACE(A9,1,1,"〇"),MID(A9,LEN(A9)-1,1),"〇") -> 〇藤 麻〇子 | C9: イトウ マキコ | D9: =SUBSTITUTE(REPLACE(C9,1,1,"〇"),MID(C9,LEN(C9)-1,1),"〇") -> 〇トウ マ〇コ | E9: 26799 | F9: 女 | G9: 5690811 | H9: 大阪府 | I9: 高槻市 | J9: 東五百住町2-24-8 | K9: =LEFT(SUBSTITUTE(REPLACE(J9,1,1,"〇"),MID(J9,3,1),"〇"),4) -> 〇五〇住 | M9: =IF(L9<>"",LEFT(SUBSTITUTE(REPLACE(L9,1,1,"〇"),MID(L9,3,1),"〇"),4),"") | O9: =IF(N9<>"",SUBSTITUTE(REPLACE(N9,3,1,"0"),MID(N9,LEN(N9)-1,1),"0"),"") | P9: 090-3655-1568 | Q9: =IF(P9<>"",SUBSTITUTE(REPLACE(P9,2,1,"4"),MID(P9,LEN(P9)-1,1),"0"),"") -> 040-3055-1508 | R9: SMBC口座振替 | S9: 本人 | AE9: なし | AH9: 利用中
A10: 伊藤 真菜 | B10: =SUBSTITUTE(REPLACE(A10,1,1,"〇"),MID(A10,LEN(A10)-1,1),"〇") -> 〇藤 〇菜 | C10: イトウ マナ | D10: =SUBSTITUTE(REPLACE(C10,1,1,"〇"),MID(C10,LEN(C10)-1,1),"〇") -> 〇トウ 〇ナ | E10: 30909 | F10: 女 | G10: 5690013 | H10: 大阪府 | I10: 高槻市 | J10: 野田3丁目9番1号 | K10: =LEFT(SUBSTITUTE(REPLACE(J10,1,1,"〇"),MID(J10,3,1),"〇"),4) -> 〇田〇丁 | M10: =IF(L10<>"",LEFT(SUBSTITUTE(REPLACE(L10,1,1,"〇"),MID(L10,3,1),"〇"),4),"") | O10: =IF(N10<>"",SUBSTITUTE(REPLACE(N10,3,1,"0"),MID(N10,LEN(N10)-1,1),"0"),"") | P10: 080-1423-6708 | Q10: =IF(P10<>"",SUBSTITUTE(REPLACE(P10,2,1,"4"),MID(P10,LEN(P10)-1,1),"0"),"") -> 040-1423-6708 | R10: SMBC口座振替 | S10: 本人 | AE10: なし | AH10: 利用中
A11: 井上 拓巳 | B11: =SUBSTITUTE(REPLACE(A11,1,1,"〇"),MID(A11,LEN(A11)-1,1),"〇") -> 〇上 〇巳 | C11: イノウエ タクミ | D11: =SUBSTITUTE(REPLACE(C11,1,1,"〇"),MID(C11,LEN(C11)-1,1),"〇") -> 〇ノウエ タ〇ミ | E11: 34459 | F11: 男 | G11: 5690822 | H11: 大阪府 | I11: 高槻市 | J11: 津之江町１丁目２５番３５号の２ | K11: =LEFT(SUBSTITUTE(REPLACE(J11,1,1,"〇"),MID(J11,3,1),"〇"),4) -> 〇之〇町 | M11: =IF(L11<>"",LEFT(SUBSTITUTE(REPLACE(L11,1,1,"〇"),MID(L11,3,1),"〇"),4),"") | O11: =IF(N11<>"",SUBSTITUTE(REPLACE(N11,3,1,"0"),MID(N11,LEN(N11)-1,1),"0"),"") | P11: 080-3030-2181 | Q11: =IF(P11<>"",SUBSTITUTE(REPLACE(P11,2,1,"4"),MID(P11,LEN(P11)-1,1),"0"),"") -> 040-3030-2101 | R11: SMBC口座振替 | S11: 本人 | AE11: なし | AH11: 利用中
A12: 今西 由佳 | B12: =SUBSTITUTE(REPLACE(A12,1,1,"〇"),MID(A12,LEN(A12)-1,1),"〇") -> 〇西 〇佳 | C12: イマニシ ユカ | D12: =SUBSTITUTE(REPLACE(C12,1,1,"〇"),MID(C12,LEN(C12)-1,1),"〇") -> 〇マニシ 〇カ | E12: 29958 | F12: 女 | G12: 5690821 | H12: 大阪府 | I12: 高槻市 | J12: 津之江北町34-8 | K12: =LEFT(SUBSTITUTE(REPLACE(J12,1,1,"〇"),MID(J12,3,1),"〇"),4) -> 〇之〇北 | M12: =IF(L12<>"",LEFT(SUBSTITUTE(REPLACE(L12,1,1,"〇"),MID(L12,3,1),"〇"),4),"") | O12: =IF(N12<>"",SUBSTITUTE(REPLACE(N12,3,1,"0"),MID(N12,LEN(N12)-1,1),"0"),"") | P12: 070-8940-8321 | Q12: =IF(P12<>"",SUBSTITUTE(REPLACE(P12,2,1,"4"),MID(P12,LEN(P12)-1,1),"0"),"") -> 040-8940-8301 | R12: SMBC口座振替 | S12: 本人 | AE12: なし | AH12: 利用中
A13: 上浦 智美 | B13: =SUBSTITUTE(REPLACE(A13,1,1,"〇"),MID(A13,LEN(A13)-1,1),"〇") -> 〇浦 〇美 | C13: ウエウラ トモミ | D13: =SUBSTITUTE(REPLACE(C13,1,1,"〇"),MID(C13,LEN(C13)-1,1),"〇") -> 〇エウラ ト〇ミ | E13: 31539 | F13: 女 | G13: 5690053 | H13: 大阪府 | I13: 高槻市 | J13: 春日町１３番１１号 | K13: =LEFT(SUBSTITUTE(REPLACE(J13,1,1,"〇"),MID(J13,3,1),"〇"),4) -> 〇日〇１ | M13: =IF(L13<>"",LEFT(SUBSTITUTE(REPLACE(L13,1,1,"〇"),MID(L13,3,1),"〇"),4),"") | N13: 070-8335-5198 | O13: =IF(N13<>"",SUBSTITUTE(REPLACE(N13,3,1,"0"),MID(N13,LEN(N13)-1,1),"0"),"") -> 070-8335-5108 | Q13: =IF(P13<>"",SUBSTITUTE(REPLACE(P13,2,1,"4"),MID(P13,LEN(P13)-1,1),"0"),"") | R13: 集金 | S13: 本人 | AE13: なし | AH13: 利用中
A14: 遠藤 里香 | B14: =SUBSTITUTE(REPLACE(A14,1,1,"〇"),MID(A14,LEN(A14)-1,1),"〇") -> 〇藤 〇香 | C14: エンドウ リカ | D14: =SUBSTITUTE(REPLACE(C14,1,1,"〇"),MID(C14,LEN(C14)-1,1),"〇") -> 〇ンドウ 〇カ | E14: 30620 | F14: 女 | G14: 5690065 | H14: 大阪府 | I14: 高槻市 | J14: 城西町4番52-1103号 | K14: =LEFT(SUBSTITUTE(REPLACE(J14,1,1,"〇"),MID(J14,3,1),"〇"),4) -> 〇西〇4 | M14: =IF(L14<>"",LEFT(SUBSTITUTE(REPLACE(L14,1,1,"〇"),MID(L14,3,1),"〇"),4),"") | O14: =IF(N14<>"",SUBSTITUTE(REPLACE(N14,3,1,"0"),MID(N14,LEN(N14)-1,1),"0"),"") | Q14: =IF(P14<>"",SUBSTITUTE(REPLACE(P14,2,1,"4"),MID(P14,LEN(P14)-1,1),"0"),"") | R14: SMBC口座振替 | S14: 本人 | AE14: なし | AH14: 利用中
A15: 大井 貴美枝 | B15: =SUBSTITUTE(REPLACE(A15,1,1,"〇"),MID(A15,LEN(A15)-1,1),"〇") -> 〇井 貴〇枝 | C15: オオイ キミエ | D15: =SUBSTITUTE(REPLACE(C15,1,1,"〇"),MID(C15,LEN(C15)-1,1),"〇") -> 〇オイ キ〇エ | E15: 26680 | F15: 女 | G15: 5690046 | H15: 大阪府 | I15: 高槻市 | J15: 登町10番15号の1 | K15: =LEFT(SUBSTITUTE(REPLACE(J15,1,1,"〇"),MID(J15,3,1),"〇"),4) -> 〇町〇0 | M15: =IF(L15<>"",LEFT(SUBSTITUTE(REPLACE(L15,1,1,"〇"),MID(L15,3,1),"〇"),4),"") | N15: 072-628-6116 | O15: =IF(N15<>"",SUBSTITUTE(REPLACE(N15,3,1,"0"),MID(N15,LEN(N15)-1,1),"0"),"") -> 070-628-6006 | P15: 090-8523-8623 | Q15: =IF(P15<>"",SUBSTITUTE(REPLACE(P15,2,1,"4"),MID(P15,LEN(P15)-1,1),"0"),"") -> 040-8503-8603 | R15: SMBC口座振替 | S15: 本人 | AE15: なし | AH15: 利用中
A16: 大内 由香 | B16: =SUBSTITUTE(REPLACE(A16,1,1,"〇"),MID(A16,LEN(A16)-1,1),"〇") -> 〇内 〇香 | C16: オオウチ ユカ | D16: =SUBSTITUTE(REPLACE(C16,1,1,"〇"),MID(C16,LEN(C16)-1,1),"〇") -> 〇オウチ 〇カ | E16: 26897 | F16: 女 | G16: 5691144 | H16: 大阪府 | I16: 高槻市 | J16: 大畑町１８番２ | K16: =LEFT(SUBSTITUTE(REPLACE(J16,1,1,"〇"),MID(J16,3,1),"〇"),4) -> 〇畑〇１ | L16: パークスクエア高槻ステーション１２０５号 | M16: =IF(L16<>"",LEFT(SUBSTITUTE(REPLACE(L16,1,1,"〇"),MID(L16,3,1),"〇"),4),"") -> 〇ー〇ス | N16: 072-692-9221 | O16: =IF(N16<>"",SUBSTITUTE(REPLACE(N16,3,1,"0"),MID(N16,LEN(N16)-1,1),"0"),"") -> 070-690-9001 | P16: 090-3536-4083 | Q16: =IF(P16<>"",SUBSTITUTE(REPLACE(P16,2,1,"4"),MID(P16,LEN(P16)-1,1),"0"),"") -> 040-3536-4003 | R16: SMBC口座振替 | S16: 本人 | AE16: なし | AH16: 利用中
A17: 大矢 博美 | B17: =SUBSTITUTE(REPLACE(A17,1,1,"〇"),MID(A17,LEN(A17)-1,1),"〇") -> 〇矢 〇美 | C17: オオヤ ヒロミ | D17: =SUBSTITUTE(REPLACE(C17,1,1,"〇"),MID(C17,LEN(C17)-1,1),"〇") -> 〇オヤ ヒ〇ミ | E17: 28523 | F17: 女 | G17: 5690061 | H17: 大阪府 | I17: 高槻市 | J17: 高西町6番3-703号 | K17: =LEFT(SUBSTITUTE(REPLACE(J17,1,1,"〇"),MID(J17,3,1),"〇"),4) -> 〇西〇6 | M17: =IF(L17<>"",LEFT(SUBSTITUTE(REPLACE(L17,1,1,"〇"),MID(L17,3,1),"〇"),4),"") | O17: =IF(N17<>"",SUBSTITUTE(REPLACE(N17,3,1,"0"),MID(N17,LEN(N17)-1,1),"0"),"") | P17: 090-4291-7878 | Q17: =IF(P17<>"",SUBSTITUTE(REPLACE(P17,2,1,"4"),MID(P17,LEN(P17)-1,1),"0"),"") -> 040-4291-0808 | R17: SMBC口座振替 | S17: 本人 | AE17: なし | AH17: 利用中
A18: 小笠原 睦美 | B18: =SUBSTITUTE(REPLACE(A18,1,1,"〇"),MID(A18,LEN(A18)-1,1),"〇") -> 〇笠原 〇美 | C18: オガサハラ ムツミ | D18: =SUBSTITUTE(REPLACE(C18,1,1,"〇"),MID(C18,LEN(C18)-1,1),"〇") -> 〇ガサハラ ム〇ミ | E18: 28422 | F18: 女 | G18: 5690081 | H18: 大阪府 | I18: 高槻市 | J18: 宮野町9番12-508号 | K18: =LEFT(SUBSTITUTE(REPLACE(J18,1,1,"〇"),MID(J18,3,1),"〇"),4) -> 〇野〇9 | M18: =IF(L18<>"",LEFT(SUBSTITUTE(REPLACE(L18,1,1,"〇"),MID(L18,3,1),"〇"),4),"") | O18: =IF(N18<>"",SUBSTITUTE(REPLACE(N18,3,1,"0"),MID(N18,LEN(N18)-1,1),"0"),"") | P18: 090-8451-0199 | Q18: =IF(P18<>"",SUBSTITUTE(REPLACE(P18,2,1,"4"),MID(P18,LEN(P18)-1,1),"0"),"") -> 040-8451-0100 | R18: SMBC口座振替 | S18: 本人 | AE18: なし | AH18: 利用中
A19: 沖田 亜梨沙 | B19: =SUBSTITUTE(REPLACE(A19,1,1,"〇"),MID(A19,LEN(A19)-1,1),"〇") -> 〇田 亜〇沙 | C19: オキタ アリサ | D19: =SUBSTITUTE(REPLACE(C19,1,1,"〇"),MID(C19,LEN(C19)-1,1),"〇") -> 〇キタ ア〇サ | E19: 28998 | F19: 女 | G19: 5690062 | H19: 大阪府 | I19: 高槻市 | J19: 下田部町2丁目20番29号の10 | K19: =LEFT(SUBSTITUTE(REPLACE(J19,1,1,"〇"),MID(J19,3,1),"〇"),4) -> 〇田〇町 | M19: =IF(L19<>"",LEFT(SUBSTITUTE(REPLACE(L19,1,1,"〇"),MID(L19,3,1),"〇"),4),"") | N19: 072-628-1450 | O19: =IF(N19<>"",SUBSTITUTE(REPLACE(N19,3,1,"0"),MID(N19,LEN(N19)-1,1),"0"),"") -> 070-628-1400 | P19: 090-7997-0940 | Q19: =IF(P19<>"",SUBSTITUTE(REPLACE(P19,2,1,"4"),MID(P19,LEN(P19)-1,1),"0"),"") -> 000-7997-0900 | R19: SMBC口座振替 | S19: 本人 | AE19: なし | AH19: 利用中
A20: 尾崎 剛史 | B20: =SUBSTITUTE(REPLACE(A20,1,1,"〇"),MID(A20,LEN(A20)-1,1),"〇") -> 〇崎 〇史 | C20: オザキ タケシ | D20: =SUBSTITUTE(REPLACE(C20,1,1,"〇"),MID(C20,LEN(C20)-1,1),"〇") -> 〇ザキ タ〇シ | E20: 29962 | F20: 男 | G20: 5690078 | H20: 大阪府 | I20: 高槻市 | J20: 大手町3番18-203号 | K20: =LEFT(SUBSTITUTE(REPLACE(J20,1,1,"〇"),MID(J20,3,1),"〇"),4) -> 〇手〇3 | M20: =IF(L20<>"",LEFT(SUBSTITUTE(REPLACE(L20,1,1,"〇"),MID(L20,3,1),"〇"),4),"") | O20: =IF(N20<>"",SUBSTITUTE(REPLACE(N20,3,1,"0"),MID(N20,LEN(N20)-1,1),"0"),"") | P20: 080-1383-2478 | Q20: =IF(P20<>"",SUBSTITUTE(REPLACE(P20,2,1,"4"),MID(P20,LEN(P20)-1,1),"0"),"") -> 040-1383-2408 | R20: SMBC口座振替 | S20: 本人 | AE20: なし | AH20: 利用中
A21: 小野 晃子 | B21: =SUBSTITUTE(REPLACE(A21,1,1,"〇"),MID(A21,LEN(A21)-1,1),"〇") -> 〇野 〇子 | C21: オノ アキコ | D21: =SUBSTITUTE(REPLACE(C21,1,1,"〇"),MID(C21,LEN(C21)-1,1),"〇") -> 〇ノ ア〇コ | E21: 29232 | F21: 女 | G21: 5690056 | H21: 大阪府 | I21: 高槻市 | J21: 城南町4丁目9番27号 | K21: =LEFT(SUBSTITUTE(REPLACE(J21,1,1,"〇"),MID(J21,3,1),"〇"),4) -> 〇南〇4 | M21: =IF(L21<>"",LEFT(SUBSTITUTE(REPLACE(L21,1,1,"〇"),MID(L21,3,1),"〇"),4),"") | N21: 072-609-0520 | O21: =IF(N21<>"",SUBSTITUTE(REPLACE(N21,3,1,"0"),MID(N21,LEN(N21)-1,1),"0"),"") -> 070-609-0500 | P21: 090-8219-8112 | Q21: =IF(P21<>"",SUBSTITUTE(REPLACE(P21,2,1,"4"),MID(P21,LEN(P21)-1,1),"0"),"") -> 040-8209-8002 | R21: 集金 | S21: 本人 | AE21: なし | AH21: 利用停止
A22: 小見渕 郁乃 | B22: =SUBSTITUTE(REPLACE(A22,1,1,"〇"),MID(A22,LEN(A22)-1,1),"〇") -> 〇見渕 〇乃 | C22: オミブチ イクノ | D22: =SUBSTITUTE(REPLACE(C22,1,1,"〇"),MID(C22,LEN(C22)-1,1),"〇") -> 〇ミブチ イ〇ノ | E22: 28266 | F22: 女 | G22: 5690056 | H22: 大阪府 | I22: 高槻市 | J22: 城南町3丁目７番４号 | K22: =LEFT(SUBSTITUTE(REPLACE(J22,1,1,"〇"),MID(J22,3,1),"〇"),4) -> 〇南〇3 | M22: =IF(L22<>"",LEFT(SUBSTITUTE(REPLACE(L22,1,1,"〇"),MID(L22,3,1),"〇"),4),"") | O22: =IF(N22<>"",SUBSTITUTE(REPLACE(N22,3,1,"0"),MID(N22,LEN(N22)-1,1),"0"),"") | P22: 8024650600 | Q22: =IF(P22<>"",SUBSTITUTE(REPLACE(P22,2,1,"4"),MID(P22,LEN(P22)-1,1),"0"),"") -> 8424650600 | R22: SMBC口座振替 | S22: 本人 | AE22: なし | AH22: 利用中
A23: 甲斐 江理 | B23: =SUBSTITUTE(REPLACE(A23,1,1,"〇"),MID(A23,LEN(A23)-1,1),"〇") -> 〇斐 〇理 | C23: カイ エリ | D23: =SUBSTITUTE(REPLACE(C23,1,1,"〇"),MID(C23,LEN(C23)-1,1),"〇") -> 〇イ 〇リ | E23: 30942 | F23: 女 | G23: 5690811 | H23: 大阪府 | I23: 高槻市 | J23: 東五百住町２丁目２８番２号 | K23: =LEFT(SUBSTITUTE(REPLACE(J23,1,1,"〇"),MID(J23,3,1),"〇"),4) -> 〇五〇住 | M23: =IF(L23<>"",LEFT(SUBSTITUTE(REPLACE(L23,1,1,"〇"),MID(L23,3,1),"〇"),4),"") | O23: =IF(N23<>"",SUBSTITUTE(REPLACE(N23,3,1,"0"),MID(N23,LEN(N23)-1,1),"0"),"") | P23: 080-3105-5257 | Q23: =IF(P23<>"",SUBSTITUTE(REPLACE(P23,2,1,"4"),MID(P23,LEN(P23)-1,1),"0"),"") -> 040-3100-0207 | R23: SMBC口座振替 | S23: 本人 | AE23: なし | AH23: 利用中
A24: 甲斐 江理 | B24: =SUBSTITUTE(REPLACE(A24,1,1,"〇"),MID(A24,LEN(A24)-1,1),"〇") -> 〇斐 〇理 | C24: カイ エリ | D24: =SUBSTITUTE(REPLACE(C24,1,1,"〇"),MID(C24,LEN(C24)-1,1),"〇") -> 〇イ 〇リ | E24: 30942 | F24: 女 | G24: 5690811 | H24: 大阪府 | I24: 高槻市 | J24: 東五百住町２丁目２８番２号 | K24: =LEFT(SUBSTITUTE(REPLACE(J24,1,1,"〇"),MID(J24,3,1),"〇"),4) -> 〇五〇住 | M24: =IF(L24<>"",LEFT(SUBSTITUTE(REPLACE(L24,1,1,"〇"),MID(L24,3,1),"〇"),4),"") | N24: 8031055257 | O24: =IF(N24<>"",SUBSTITUTE(REPLACE(N24,3,1,"0"),MID(N24,LEN(N24)-1,1),"0"),"") -> 8001000207 | Q24: =IF(P24<>"",SUBSTITUTE(REPLACE(P24,2,1,"4"),MID(P24,LEN(P24)-1,1),"0"),"") | R24: SMBC口座振替 | S24: 本人 | AE24: なし | AH24: 利用中
A25: 甲斐 江理 | B25: =SUBSTITUTE(REPLACE(A25,1,1,"〇"),MID(A25,LEN(A25)-1,1),"〇") -> 〇斐 〇理 | C25: カイ エリ | D25: =SUBSTITUTE(REPLACE(C25,1,1,"〇"),MID(C25,LEN(C25)-1,1),"〇") -> 〇イ 〇リ | E25: 30942 | F25: 女 | G25: 5690811 | H25: 大阪府 | J25: 東五百住町２丁目２８番２号 | K25: =LEFT(SUBSTITUTE(REPLACE(J25,1,1,"〇"),MID(J25,3,1),"〇"),4) -> 〇五〇住 | M25: =IF(L25<>"",LEFT(SUBSTITUTE(REPLACE(L25,1,1,"〇"),MID(L25,3,1),"〇"),4),"") | N25: 8031055257 | O25: =IF(N25<>"",SUBSTITUTE(REPLACE(N25,3,1,"0"),MID(N25,LEN(N25)-1,1),"0"),"") -> 8001000207 | Q25: =IF(P25<>"",SUBSTITUTE(REPLACE(P25,2,1,"4"),MID(P25,LEN(P25)-1,1),"0"),"") | R25: SMBC口座振替 | S25: 本人 | AE25: なし | AH25: 利用中
A26: 加藤 亜希子 | B26: =SUBSTITUTE(REPLACE(A26,1,1,"〇"),MID(A26,LEN(A26)-1,1),"〇") -> 〇藤 亜〇子 | C26: カトウ アキコ | D26: =SUBSTITUTE(REPLACE(C26,1,1,"〇"),MID(C26,LEN(C26)-1,1),"〇") -> 〇トウ ア〇コ | E26: 31939 | F26: 女 | G26: 5690821 | H26: 大阪府 | I26: 高槻市 | J26: 津之江北町6番37号 | K26: =LEFT(SUBSTITUTE(REPLACE(J26,1,1,"〇"),MID(J26,3,1),"〇"),4) -> 〇之〇北 | M26: =IF(L26<>"",LEFT(SUBSTITUTE(REPLACE(L26,1,1,"〇"),MID(L26,3,1),"〇"),4),"") | O26: =IF(N26<>"",SUBSTITUTE(REPLACE(N26,3,1,"0"),MID(N26,LEN(N26)-1,1),"0"),"") | P26: 090-7446-6761 | Q26: =IF(P26<>"",SUBSTITUTE(REPLACE(P26,2,1,"4"),MID(P26,LEN(P26)-1,1),"0"),"") -> 040-7440-0701 | R26: SMBC口座振替 | S26: 本人 | AE26: なし | AH26: 利用中
A27: 加藤 亜希子 | B27: =SUBSTITUTE(REPLACE(A27,1,1,"〇"),MID(A27,LEN(A27)-1,1),"〇") -> 〇藤 亜〇子 | C27: カトウ アキコ | D27: =SUBSTITUTE(REPLACE(C27,1,1,"〇"),MID(C27,LEN(C27)-1,1),"〇") -> 〇トウ ア〇コ | E27: 31939 | F27: 女 | G27: 5690821 | H27: 大阪府 | I27: 高槻市 | J27: 津之江北町6番37号 | K27: =LEFT(SUBSTITUTE(REPLACE(J27,1,1,"〇"),MID(J27,3,1),"〇"),4) -> 〇之〇北 | M27: =IF(L27<>"",LEFT(SUBSTITUTE(REPLACE(L27,1,1,"〇"),MID(L27,3,1),"〇"),4),"") | O27: =IF(N27<>"",SUBSTITUTE(REPLACE(N27,3,1,"0"),MID(N27,LEN(N27)-1,1),"0"),"") | P27: 090-7446-6761 | Q27: =IF(P27<>"",SUBSTITUTE(REPLACE(P27,2,1,"4"),MID(P27,LEN(P27)-1,1),"0"),"") -> 040-7440-0701 | R27: SMBC口座振替 | S27: 本人 | AE27: なし | AH27: 利用中
A28: 鎌倉 麻沙美 | B28: =SUBSTITUTE(REPLACE(A28,1,1,"〇"),MID(A28,LEN(A28)-1,1),"〇") -> 〇倉 麻〇美 | C28: カマクラ マサミ | D28: =SUBSTITUTE(REPLACE(C28,1,1,"〇"),MID(C28,LEN(C28)-1,1),"〇") -> 〇マクラ マ〇ミ | E28: 28540 | F28: 女 | G28: 5690055 | H28: 大阪府 | I28: 高槻市 | J28: 西冠2丁目6番8号 | K28: =LEFT(SUBSTITUTE(REPLACE(J28,1,1,"〇"),MID(J28,3,1),"〇"),4) -> 〇冠〇丁 | M28: =IF(L28<>"",LEFT(SUBSTITUTE(REPLACE(L28,1,1,"〇"),MID(L28,3,1),"〇"),4),"") | N28: 072-628-5084 | O28: =IF(N28<>"",SUBSTITUTE(REPLACE(N28,3,1,"0"),MID(N28,LEN(N28)-1,1),"0"),"") -> 070-620-5004 | P28: 090-3703-8401 | Q28: =IF(P28<>"",SUBSTITUTE(REPLACE(P28,2,1,"4"),MID(P28,LEN(P28)-1,1),"0"),"") -> 040-3703-8401 | R28: SMBC口座振替 | S28: 本人 | AE28: なし | AH28: 利用中
A29: 川上 春菜 | B29: =SUBSTITUTE(REPLACE(A29,1,1,"〇"),MID(A29,LEN(A29)-1,1),"〇") -> 〇上 〇菜 | C29: カワカミ ハルナ | D29: =SUBSTITUTE(REPLACE(C29,1,1,"〇"),MID(C29,LEN(C29)-1,1),"〇") -> 〇ワカミ ハ〇ナ | E29: 29698 | F29: 女 | G29: 5691026 | H29: 大阪府 | I29: 高槻市 | J29: 緑が丘1丁目11番16号 | K29: =LEFT(SUBSTITUTE(REPLACE(J29,1,1,"〇"),MID(J29,3,1),"〇"),4) -> 〇が〇1 | M29: =IF(L29<>"",LEFT(SUBSTITUTE(REPLACE(L29,1,1,"〇"),MID(L29,3,1),"〇"),4),"") | O29: =IF(N29<>"",SUBSTITUTE(REPLACE(N29,3,1,"0"),MID(N29,LEN(N29)-1,1),"0"),"") | P29: 090-9719-2843 | Q29: =IF(P29<>"",SUBSTITUTE(REPLACE(P29,2,1,"4"),MID(P29,LEN(P29)-1,1),"0"),"") -> 000-9719-2803 | R29: SMBC口座振替 | S29: 本人 | AE29: なし | AH29: 利用中
A30: 川路 千恵 | B30: =SUBSTITUTE(REPLACE(A30,1,1,"〇"),MID(A30,LEN(A30)-1,1),"〇") -> 〇路 〇恵 | C30: カワジ チエ | D30: =SUBSTITUTE(REPLACE(C30,1,1,"〇"),MID(C30,LEN(C30)-1,1),"〇") -> 〇ワジ 〇エ | E30: 28034 | F30: 女 | G30: 5690052 | H30: 大阪府 | I30: 高槻市 | J30: 城東町2番18号 | K30: =LEFT(SUBSTITUTE(REPLACE(J30,1,1,"〇"),MID(J30,3,1),"〇"),4) -> 〇東〇2 | L30: ディアコート高槻206号 | M30: =IF(L30<>"",LEFT(SUBSTITUTE(REPLACE(L30,1,1,"〇"),MID(L30,3,1),"〇"),4),"") -> 〇ィ〇コ | N30: 072-647-7814 | O30: =IF(N30<>"",SUBSTITUTE(REPLACE(N30,3,1,"0"),MID(N30,LEN(N30)-1,1),"0"),"") -> 070-647-7804 | P30: 090-8378-5430 | Q30: =IF(P30<>"",SUBSTITUTE(REPLACE(P30,2,1,"4"),MID(P30,LEN(P30)-1,1),"0"),"") -> 040-8078-5400 | R30: SMBC口座振替 | S30: 本人 | AE30: なし | AH30: 利用中
A31: 川野 千沙子 | B31: =SUBSTITUTE(REPLACE(A31,1,1,"〇"),MID(A31,LEN(A31)-1,1),"〇") -> 〇野 千〇子 | C31: カワノ チサコ | D31: =SUBSTITUTE(REPLACE(C31,1,1,"〇"),MID(C31,LEN(C31)-1,1),"〇") -> 〇ワノ チ〇コ | E31: 28857 | F31: 女 | G31: 5690024 | H31: 大阪府 | I31: 高槻市 | J31: 日向町6番18号 | K31: =LEFT(SUBSTITUTE(REPLACE(J31,1,1,"〇"),MID(J31,3,1),"〇"),4) -> 〇向〇6 | M31: =IF(L31<>"",LEFT(SUBSTITUTE(REPLACE(L31,1,1,"〇"),MID(L31,3,1),"〇"),4),"") | N31: 072-669-7873 | O31: =IF(N31<>"",SUBSTITUTE(REPLACE(N31,3,1,"0"),MID(N31,LEN(N31)-1,1),"0"),"") -> 000-669-0803 | P31: 090-6965-0752 | Q31: =IF(P31<>"",SUBSTITUTE(REPLACE(P31,2,1,"4"),MID(P31,LEN(P31)-1,1),"0"),"") -> 040-6960-0702 | R31: SMBC口座振替 | S31: 本人 | AE31: なし | AH31: 利用中
A32: 川野 千沙子 | B32: =SUBSTITUTE(REPLACE(A32,1,1,"〇"),MID(A32,LEN(A32)-1,1),"〇") -> 〇野 千〇子 | C32: カワノ チサコ | D32: =SUBSTITUTE(REPLACE(C32,1,1,"〇"),MID(C32,LEN(C32)-1,1),"〇") -> 〇ワノ チ〇コ | E32: 28857 | F32: 女 | G32: 5690024 | H32: 大阪府 | I32: 高槻市 | J32: 日向町6番18号 | K32: =LEFT(SUBSTITUTE(REPLACE(J32,1,1,"〇"),MID(J32,3,1),"〇"),4) -> 〇向〇6 | M32: =IF(L32<>"",LEFT(SUBSTITUTE(REPLACE(L32,1,1,"〇"),MID(L32,3,1),"〇"),4),"") | N32: 072-669-7873 | O32: =IF(N32<>"",SUBSTITUTE(REPLACE(N32,3,1,"0"),MID(N32,LEN(N32)-1,1),"0"),"") -> 000-669-0803 | P32: 090-5966-3096 | Q32: =IF(P32<>"",SUBSTITUTE(REPLACE(P32,2,1,"4"),MID(P32,LEN(P32)-1,1),"0"),"") -> 040-5066-3006 | R32: SMBC口座振替 | S32: 本人 | AE32: なし | AH32: 利用中
A33: 川人 和奈 | B33: =SUBSTITUTE(REPLACE(A33,1,1,"〇"),MID(A33,LEN(A33)-1,1),"〇") -> 〇人 〇奈 | C33: カワヒト カナ | D33: =SUBSTITUTE(REPLACE(C33,1,1,"〇"),MID(C33,LEN(C33)-1,1),"〇") -> 〇ワヒト 〇ナ | E33: 32897 | F33: 女 | G33: 5690034 | H33: 大阪府 | I33: 高槻市 | J33: 大塚町３丁目２２番１１号パストラル２１ 202号 | K33: =LEFT(SUBSTITUTE(REPLACE(J33,1,1,"〇"),MID(J33,3,1),"〇"),4) -> 〇塚〇３ | M33: =IF(L33<>"",LEFT(SUBSTITUTE(REPLACE(L33,1,1,"〇"),MID(L33,3,1),"〇"),4),"") | O33: =IF(N33<>"",SUBSTITUTE(REPLACE(N33,3,1,"0"),MID(N33,LEN(N33)-1,1),"0"),"") | P33: 090-6289-8685 | Q33: =IF(P33<>"",SUBSTITUTE(REPLACE(P33,2,1,"4"),MID(P33,LEN(P33)-1,1),"0"),"") -> 040-6209-0605 | R33: SMBC口座振替 | S33: 本人 | AE33: なし | AH33: 利用中
A34: 川元 美穂 | B34: =SUBSTITUTE(REPLACE(A34,1,1,"〇"),MID(A34,LEN(A34)-1,1),"〇") -> 〇元 〇穂 | C34: カワモト ミホ | D34: =SUBSTITUTE(REPLACE(C34,1,1,"〇"),MID(C34,LEN(C34)-1,1),"〇") -> 〇ワモト 〇ホ | E34: 27227 | F34: 女 | G34: 5691046 | H34: 大阪府 | I34: 高槻市 | J34: 塚原2丁目27番1号 | K34: =LEFT(SUBSTITUTE(REPLACE(J34,1,1,"〇"),MID(J34,3,1),"〇"),4) -> 〇原〇丁 | M34: =IF(L34<>"",LEFT(SUBSTITUTE(REPLACE(L34,1,1,"〇"),MID(L34,3,1),"〇"),4),"") | N34: 072-628-9271 | O34: =IF(N34<>"",SUBSTITUTE(REPLACE(N34,3,1,"0"),MID(N34,LEN(N34)-1,1),"0"),"") -> 000-628-9201 | P34: 070-5507-2777 | Q34: =IF(P34<>"",SUBSTITUTE(REPLACE(P34,2,1,"4"),MID(P34,LEN(P34)-1,1),"0"),"") -> 040-5500-2000 | R34: SMBC口座振替 | S34: 本人 | AE34: なし | AH34: 利用中
A35: 神農 真由子 | B35: =SUBSTITUTE(REPLACE(A35,1,1,"〇"),MID(A35,LEN(A35)-1,1),"〇") -> 〇農 真〇子 | C35: カンノ マユコ | D35: =SUBSTITUTE(REPLACE(C35,1,1,"〇"),MID(C35,LEN(C35)-1,1),"〇") -> 〇ンノ マ〇コ | E35: 29655 | F35: 女 | G35: 5691144 | H35: 大阪府 | I35: 高槻市 | J35: 大畑町1番23-101号 | K35: =LEFT(SUBSTITUTE(REPLACE(J35,1,1,"〇"),MID(J35,3,1),"〇"),4) -> 〇畑〇1 | M35: =IF(L35<>"",LEFT(SUBSTITUTE(REPLACE(L35,1,1,"〇"),MID(L35,3,1),"〇"),4),"") | O35: =IF(N35<>"",SUBSTITUTE(REPLACE(N35,3,1,"0"),MID(N35,LEN(N35)-1,1),"0"),"") | Q35: =IF(P35<>"",SUBSTITUTE(REPLACE(P35,2,1,"4"),MID(P35,LEN(P35)-1,1),"0"),"") | R35: SMBC口座振替 | S35: 本人 | AE35: なし | AH35: 利用中
A36: 木下 美樹 | B36: =SUBSTITUTE(REPLACE(A36,1,1,"〇"),MID(A36,LEN(A36)-1,1),"〇") -> 〇下 〇樹 | C36: キノシタ ミキ | D36: =SUBSTITUTE(REPLACE(C36,1,1,"〇"),MID(C36,LEN(C36)-1,1),"〇") -> 〇ノシタ 〇キ | E36: 31134 | F36: 女 | G36: 5690821 | H36: 大阪府 | I36: 高槻市 | J36: 津之江北町6番38号 | K36: =LEFT(SUBSTITUTE(REPLACE(J36,1,1,"〇"),MID(J36,3,1),"〇"),4) -> 〇之〇北 | M36: =IF(L36<>"",LEFT(SUBSTITUTE(REPLACE(L36,1,1,"〇"),MID(L36,3,1),"〇"),4),"") | O36: =IF(N36<>"",SUBSTITUTE(REPLACE(N36,3,1,"0"),MID(N36,LEN(N36)-1,1),"0"),"") | P36: 090-1966-0439 | Q36: =IF(P36<>"",SUBSTITUTE(REPLACE(P36,2,1,"4"),MID(P36,LEN(P36)-1,1),"0"),"") -> 040-1966-0409 | R36: SMBC口座振替 | S36: 本人 | AE36: なし | AH36: 利用中
A37: 桐島 麻利子 | B37: =SUBSTITUTE(REPLACE(A37,1,1,"〇"),MID(A37,LEN(A37)-1,1),"〇") -> 〇島 麻〇子 | C37: キリシマ マリコ | D37: =SUBSTITUTE(REPLACE(C37,1,1,"〇"),MID(C37,LEN(C37)-1,1),"〇") -> 〇〇シマ マ〇コ | E37: 29977 | F37: 女 | G37: 5691135 | H37: 大阪府 | I37: 高槻市 | J37: 今城町15番5-308号 | K37: =LEFT(SUBSTITUTE(REPLACE(J37,1,1,"〇"),MID(J37,3,1),"〇"),4) -> 〇城〇1 | M37: =IF(L37<>"",LEFT(SUBSTITUTE(REPLACE(L37,1,1,"〇"),MID(L37,3,1),"〇"),4),"") | O37: =IF(N37<>"",SUBSTITUTE(REPLACE(N37,3,1,"0"),MID(N37,LEN(N37)-1,1),"0"),"") | P37: 090-5151-6029 | Q37: =IF(P37<>"",SUBSTITUTE(REPLACE(P37,2,1,"4"),MID(P37,LEN(P37)-1,1),"0"),"") -> 040-5151-6009 | R37: SMBC口座振替 | S37: 本人 | AE37: なし | AH37: 利用中
A38: 工藤 智恵子 | B38: =SUBSTITUTE(REPLACE(A38,1,1,"〇"),MID(A38,LEN(A38)-1,1),"〇") -> 〇藤 智〇子 | C38: クドウ チエコ | D38: =SUBSTITUTE(REPLACE(C38,1,1,"〇"),MID(C38,LEN(C38)-1,1),"〇") -> 〇ドウ チ〇コ | E38: 26173 | F38: 女 | G38: 5690034 | H38: 大阪府 | I38: 高槻市 | J38: 大塚町1丁目28番17号 | K38: =LEFT(SUBSTITUTE(REPLACE(J38,1,1,"〇"),MID(J38,3,1),"〇"),4) -> 〇塚〇1 | M38: =IF(L38<>"",LEFT(SUBSTITUTE(REPLACE(L38,1,1,"〇"),MID(L38,3,1),"〇"),4),"") | O38: =IF(N38<>"",SUBSTITUTE(REPLACE(N38,3,1,"0"),MID(N38,LEN(N38)-1,1),"0"),"") | P38: 090-6326-8282 | Q38: =IF(P38<>"",SUBSTITUTE(REPLACE(P38,2,1,"4"),MID(P38,LEN(P38)-1,1),"0"),"") -> 040-6326-0202 | R38: SMBC口座振替 | S38: 本人 | AE38: なし | AH38: 利用中
A39: 黒田 章乃 | B39: =SUBSTITUTE(REPLACE(A39,1,1,"〇"),MID(A39,LEN(A39)-1,1),"〇") -> 〇田 〇乃 | C39: クロダ アキノ | D39: =SUBSTITUTE(REPLACE(C39,1,1,"〇"),MID(C39,LEN(C39)-1,1),"〇") -> 〇ロダ ア〇ノ | E39: 31231 | F39: 女 | G39: 5690094 | H39: 大阪府 | I39: 高槻市 | J39: 緑町17番4号 | K39: =LEFT(SUBSTITUTE(REPLACE(J39,1,1,"〇"),MID(J39,3,1),"〇"),4) -> 〇町〇7 | M39: =IF(L39<>"",LEFT(SUBSTITUTE(REPLACE(L39,1,1,"〇"),MID(L39,3,1),"〇"),4),"") | O39: =IF(N39<>"",SUBSTITUTE(REPLACE(N39,3,1,"0"),MID(N39,LEN(N39)-1,1),"0"),"") | P39: 090-2506-1852 | Q39: =IF(P39<>"",SUBSTITUTE(REPLACE(P39,2,1,"4"),MID(P39,LEN(P39)-1,1),"0"),"") -> 040-2006-1802 | R39: SMBC口座振替 | S39: 本人 | AE39: なし | AH39: 利用中
A40: 神前 葉瑠香 | B40: =SUBSTITUTE(REPLACE(A40,1,1,"〇"),MID(A40,LEN(A40)-1,1),"〇") -> 〇前 葉〇香 | C40: コウザキ ハルカ | D40: =SUBSTITUTE(REPLACE(C40,1,1,"〇"),MID(C40,LEN(C40)-1,1),"〇") -> 〇ウザキ ハ〇カ | E40: 32116 | F40: 女 | G40: 5690042 | H40: 大阪府 | I40: 高槻市 | J40: 南大樋町1番1 | K40: =LEFT(SUBSTITUTE(REPLACE(J40,1,1,"〇"),MID(J40,3,1),"〇"),4) -> 〇大〇町 | L40: マイシティ高槻333号 | M40: =IF(L40<>"",LEFT(SUBSTITUTE(REPLACE(L40,1,1,"〇"),MID(L40,3,1),"〇"),4),"") -> 〇イ〇テ | O40: =IF(N40<>"",SUBSTITUTE(REPLACE(N40,3,1,"0"),MID(N40,LEN(N40)-1,1),"0"),"") | P40: 8025196667 | Q40: =IF(P40<>"",SUBSTITUTE(REPLACE(P40,2,1,"4"),MID(P40,LEN(P40)-1,1),"0"),"") -> 8425190007 | R40: SMBC口座振替 | S40: 本人 | AE40: なし | AH40: 利用中
A41: 河野 美貴子 | B41: =SUBSTITUTE(REPLACE(A41,1,1,"〇"),MID(A41,LEN(A41)-1,1),"〇") -> 〇野 美〇子 | C41: コウノ ミキコ | D41: =SUBSTITUTE(REPLACE(C41,1,1,"〇"),MID(C41,LEN(C41)-1,1),"〇") -> 〇ウノ ミ〇コ | E41: 27770 | F41: 女 | G41: 5690081 | H41: 大阪府 | I41: 高槻市 | J41: 宮野町５番 | K41: =LEFT(SUBSTITUTE(REPLACE(J41,1,1,"〇"),MID(J41,3,1),"〇"),4) -> 〇野〇５ | L41: ５５ー２０６号 | M41: =IF(L41<>"",LEFT(SUBSTITUTE(REPLACE(L41,1,1,"〇"),MID(L41,3,1),"〇"),4),"") -> 〇５〇２ | N41: 072-655-8514 | O41: =IF(N41<>"",SUBSTITUTE(REPLACE(N41,3,1,"0"),MID(N41,LEN(N41)-1,1),"0"),"") -> 070-655-8504 | P41: 080-3861-0832 | Q41: =IF(P41<>"",SUBSTITUTE(REPLACE(P41,2,1,"4"),MID(P41,LEN(P41)-1,1),"0"),"") -> 040-0861-0802 | R41: SMBC口座振替 | S41: 本人 | AE41: なし | AH41: 利用中
A42: 小路 あや | B42: =SUBSTITUTE(REPLACE(A42,1,1,"〇"),MID(A42,LEN(A42)-1,1),"〇") -> 〇路 〇や | C42: コミチ アヤ | D42: =SUBSTITUTE(REPLACE(C42,1,1,"〇"),MID(C42,LEN(C42)-1,1),"〇") -> 〇ミチ 〇ヤ | E42: 27648 | F42: 女 | G42: 5690046 | H42: 大阪府 | I42: 高槻市 | J42: 登町３番A20-２０８号 | K42: =LEFT(SUBSTITUTE(REPLACE(J42,1,1,"〇"),MID(J42,3,1),"〇"),4) -> 〇町〇番 | M42: =IF(L42<>"",LEFT(SUBSTITUTE(REPLACE(L42,1,1,"〇"),MID(L42,3,1),"〇"),4),"") | O42: =IF(N42<>"",SUBSTITUTE(REPLACE(N42,3,1,"0"),MID(N42,LEN(N42)-1,1),"0"),"") | Q42: =IF(P42<>"",SUBSTITUTE(REPLACE(P42,2,1,"4"),MID(P42,LEN(P42)-1,1),"0"),"") | R42: SMBC口座振替 | S42: 本人 | AE42: なし | AH42: 利用中
A43: 阪本 和子 | B43: =SUBSTITUTE(REPLACE(A43,1,1,"〇"),MID(A43,LEN(A43)-1,1),"〇") -> 〇本 〇子 | C43: サカモト カズコ | D43: =SUBSTITUTE(REPLACE(C43,1,1,"〇"),MID(C43,LEN(C43)-1,1),"〇") -> 〇カモト カ〇コ | E43: 27341 | F43: 男 | G43: 5690097 | H43: 大阪府 | I43: 高槻市 | J43: 高垣町37番8号 | K43: =LEFT(SUBSTITUTE(REPLACE(J43,1,1,"〇"),MID(J43,3,1),"〇"),4) -> 〇垣〇3 | L43: ハイツ西谷202号 | M43: =IF(L43<>"",LEFT(SUBSTITUTE(REPLACE(L43,1,1,"〇"),MID(L43,3,1),"〇"),4),"") -> 〇イ〇西 | O43: =IF(N43<>"",SUBSTITUTE(REPLACE(N43,3,1,"0"),MID(N43,LEN(N43)-1,1),"0"),"") | P43: 090-4279-6410 | Q43: =IF(P43<>"",SUBSTITUTE(REPLACE(P43,2,1,"4"),MID(P43,LEN(P43)-1,1),"0"),"") -> 040-4279-6400 | R43: SMBC口座振替 | S43: 本人 | AE43: なし | AH43: 利用中
A44: 笹岡 純子 | B44: =SUBSTITUTE(REPLACE(A44,1,1,"〇"),MID(A44,LEN(A44)-1,1),"〇") -> 〇岡 〇子 | C44: ササオカ ジユンコ | D44: =SUBSTITUTE(REPLACE(C44,1,1,"〇"),MID(C44,LEN(C44)-1,1),"〇") -> 〇サオカ ジユ〇コ | E44: 30471 | F44: 女 | G44: 5690056 | H44: 大阪府 | I44: 高槻市 | J44: 城南町4-23-1 | K44: =LEFT(SUBSTITUTE(REPLACE(J44,1,1,"〇"),MID(J44,3,1),"〇"),4) -> 〇南〇4 | M44: =IF(L44<>"",LEFT(SUBSTITUTE(REPLACE(L44,1,1,"〇"),MID(L44,3,1),"〇"),4),"") | O44: =IF(N44<>"",SUBSTITUTE(REPLACE(N44,3,1,"0"),MID(N44,LEN(N44)-1,1),"0"),"") | P44: 9053674251 | Q44: =IF(P44<>"",SUBSTITUTE(REPLACE(P44,2,1,"4"),MID(P44,LEN(P44)-1,1),"0"),"") -> 9403674201 | R44: SMBC口座振替 | S44: 本人 | AE44: なし | AH44: 利用中
A45: 佐田 美里 | B45: =SUBSTITUTE(REPLACE(A45,1,1,"〇"),MID(A45,LEN(A45)-1,1),"〇") -> 〇田 〇里 | C45: サダ ミサト | D45: =SUBSTITUTE(REPLACE(C45,1,1,"〇"),MID(C45,LEN(C45)-1,1),"〇") -> 〇ダ ミ〇ト | E45: 33279 | F45: 女 | G45: 5690823 | H45: 大阪府 | I45: 高槻市 | J45: 芝生町2-35-7-404 | K45: =LEFT(SUBSTITUTE(REPLACE(J45,1,1,"〇"),MID(J45,3,1),"〇"),4) -> 〇生〇2 | M45: =IF(L45<>"",LEFT(SUBSTITUTE(REPLACE(L45,1,1,"〇"),MID(L45,3,1),"〇"),4),"") | O45: =IF(N45<>"",SUBSTITUTE(REPLACE(N45,3,1,"0"),MID(N45,LEN(N45)-1,1),"0"),"") | P45: 9063243358 | Q45: =IF(P45<>"",SUBSTITUTE(REPLACE(P45,2,1,"4"),MID(P45,LEN(P45)-1,1),"0"),"") -> 9463243308 | R45: 集金 | S45: 本人 | AE45: なし | AH45: 利用中
A46: 佐藤 圭 | B46: =SUBSTITUTE(REPLACE(A46,1,1,"〇"),MID(A46,LEN(A46)-1,1),"〇") -> 〇藤〇圭 | C46: サトウ ケイ | D46: =SUBSTITUTE(REPLACE(C46,1,1,"〇"),MID(C46,LEN(C46)-1,1),"〇") -> 〇トウ 〇イ | E46: 31827 | F46: 男 | G46: 5730065 | H46: 大阪府 | I46: 枚方市 | J46: 出口5丁目16番8号 | K46: =LEFT(SUBSTITUTE(REPLACE(J46,1,1,"〇"),MID(J46,3,1),"〇"),4) -> 〇口〇丁 | M46: =IF(L46<>"",LEFT(SUBSTITUTE(REPLACE(L46,1,1,"〇"),MID(L46,3,1),"〇"),4),"") | O46: =IF(N46<>"",SUBSTITUTE(REPLACE(N46,3,1,"0"),MID(N46,LEN(N46)-1,1),"0"),"") | P46: 080-4481-8881 | Q46: =IF(P46<>"",SUBSTITUTE(REPLACE(P46,2,1,"4"),MID(P46,LEN(P46)-1,1),"0"),"") -> 040-4401-0001 | R46: SMBC口座振替 | S46: 本人 | AE46: なし | AH46: 利用中
A47: 島田 美鈴 | B47: =SUBSTITUTE(REPLACE(A47,1,1,"〇"),MID(A47,LEN(A47)-1,1),"〇") -> 〇田 〇鈴 | C47: シマダ ミスズ | D47: =SUBSTITUTE(REPLACE(C47,1,1,"〇"),MID(C47,LEN(C47)-1,1),"〇") -> 〇マダ ミ〇ズ | E47: 27762 | F47: 女 | G47: 5690811 | H47: 大阪府 | I47: 高槻市 | J47: 東五百住町1丁目6番9号 | K47: =LEFT(SUBSTITUTE(REPLACE(J47,1,1,"〇"),MID(J47,3,1),"〇"),4) -> 〇五〇住 | M47: =IF(L47<>"",LEFT(SUBSTITUTE(REPLACE(L47,1,1,"〇"),MID(L47,3,1),"〇"),4),"") | N47: 072-694-4522 | O47: =IF(N47<>"",SUBSTITUTE(REPLACE(N47,3,1,"0"),MID(N47,LEN(N47)-1,1),"0"),"") -> 070-694-4500 | P47: 090-3928-4988 | Q47: =IF(P47<>"",SUBSTITUTE(REPLACE(P47,2,1,"4"),MID(P47,LEN(P47)-1,1),"0"),"") -> 040-3920-4900 | R47: SMBC口座振替 | S47: 本人 | AE47: なし | AH47: 利用中
A48: 清水 宰 | B48: =SUBSTITUTE(REPLACE(A48,1,1,"〇"),MID(A48,LEN(A48)-1,1),"〇") -> 〇水〇宰 | C48: シミズ ツカサ | D48: =SUBSTITUTE(REPLACE(C48,1,1,"〇"),MID(C48,LEN(C48)-1,1),"〇") -> 〇ミズ ツ〇サ | E48: 29465 | F48: 男 | G48: 5670025 | H48: 大阪府 | I48: 茨木市 | J48: 田中町12-33-206 | K48: =LEFT(SUBSTITUTE(REPLACE(J48,1,1,"〇"),MID(J48,3,1),"〇"),4) -> 〇中〇1 | M48: =IF(L48<>"",LEFT(SUBSTITUTE(REPLACE(L48,1,1,"〇"),MID(L48,3,1),"〇"),4),"") | O48: =IF(N48<>"",SUBSTITUTE(REPLACE(N48,3,1,"0"),MID(N48,LEN(N48)-1,1),"0"),"") | P48: 090-2893-6023 | Q48: =IF(P48<>"",SUBSTITUTE(REPLACE(P48,2,1,"4"),MID(P48,LEN(P48)-1,1),"0"),"") -> 040-0893-6003 | R48: SMBC口座振替 | S48: 本人 | AE48: なし | AH48: 利用中
A49: 地蔵原 真弓 | B49: =SUBSTITUTE(REPLACE(A49,1,1,"〇"),MID(A49,LEN(A49)-1,1),"〇") -> 〇蔵原 〇弓 | C49: ジゾウハラ マユミ | D49: =SUBSTITUTE(REPLACE(C49,1,1,"〇"),MID(C49,LEN(C49)-1,1),"〇") -> 〇ゾウハラ マ〇ミ | E49: 27342 | F49: 女 | G49: 5690054 | H49: 大阪府 | I49: 高槻市 | J49: 若松町1番7号 | K49: =LEFT(SUBSTITUTE(REPLACE(J49,1,1,"〇"),MID(J49,3,1),"〇"),4) -> 〇松〇1 | L49: サンシャイン若松302号 | M49: =IF(L49<>"",LEFT(SUBSTITUTE(REPLACE(L49,1,1,"〇"),MID(L49,3,1),"〇"),4),"") -> 〇ン〇ャ | O49: =IF(N49<>"",SUBSTITUTE(REPLACE(N49,3,1,"0"),MID(N49,LEN(N49)-1,1),"0"),"") | P49: 070-7588-5999 | Q49: =IF(P49<>"",SUBSTITUTE(REPLACE(P49,2,1,"4"),MID(P49,LEN(P49)-1,1),"0"),"") -> 040-7588-5000 | R49: SMBC口座振替 | S49: 本人 | AE49: なし | AH49: 利用中
A50: 角 眞紀枝 | B50: =SUBSTITUTE(REPLACE(A50,1,1,"〇"),MID(A50,LEN(A50)-1,1),"〇") -> 〇 眞〇枝 | C50: スミ マキエ | D50: =SUBSTITUTE(REPLACE(C50,1,1,"〇"),MID(C50,LEN(C50)-1,1),"〇") -> 〇ミ マ〇エ | E50: 26545 | F50: 女 | G50: 5690056 | H50: 大阪府 | I50: 高槻市 | J50: 城南町1丁目１３番２３号 | K50: =LEFT(SUBSTITUTE(REPLACE(J50,1,1,"〇"),MID(J50,3,1),"〇"),4) -> 〇南〇1 | M50: =IF(L50<>"",LEFT(SUBSTITUTE(REPLACE(L50,1,1,"〇"),MID(L50,3,1),"〇"),4),"") | O50: =IF(N50<>"",SUBSTITUTE(REPLACE(N50,3,1,"0"),MID(N50,LEN(N50)-1,1),"0"),"") | Q50: =IF(P50<>"",SUBSTITUTE(REPLACE(P50,2,1,"4"),MID(P50,LEN(P50)-1,1),"0"),"") | R50: SMBC口座振替 | S50: 本人 | AE50: なし | AH50: 利用中
A51: 髙木 鮎美 | B51: =SUBSTITUTE(REPLACE(A51,1,1,"〇"),MID(A51,LEN(A51)-1,1),"〇") -> 〇木 〇美 | C51: タカギ アユミ | D51: =SUBSTITUTE(REPLACE(C51,1,1,"〇"),MID(C51,LEN(C51)-1,1),"〇") -> 〇カギ ア〇ミ | E51: 32115 | F51: 女 | G51: 5690036 | H51: 大阪府 | I51: 高槻市 | J51: 辻子1丁目６番１９号 | K51: =LEFT(SUBSTITUTE(REPLACE(J51,1,1,"〇"),MID(J51,3,1),"〇"),4) -> 〇子〇丁 | L51: ル・ガーデニア306号 | M51: =IF(L51<>"",LEFT(SUBSTITUTE(REPLACE(L51,1,1,"〇"),MID(L51,3,1),"〇"),4),"") -> 〇・〇ー | O51: =IF(N51<>"",SUBSTITUTE(REPLACE(N51,3,1,"0"),MID(N51,LEN(N51)-1,1),"0"),"") | P51: 090-1150-5726 | Q51: =IF(P51<>"",SUBSTITUTE(REPLACE(P51,2,1,"4"),MID(P51,LEN(P51)-1,1),"0"),"") -> 040-1150-5706 | R51: SMBC口座振替 | S51: 本人 | AE51: なし | AH51: 利用中
A52: 高松 日歩美 | B52: =SUBSTITUTE(REPLACE(A52,1,1,"〇"),MID(A52,LEN(A52)-1,1),"〇") -> 〇松 日〇美 | C52: タカマツ ヒフミ | D52: =SUBSTITUTE(REPLACE(C52,1,1,"〇"),MID(C52,LEN(C52)-1,1),"〇") -> 〇カマツ ヒ〇ミ | E52: 29558 | F52: 女 | G52: 5691113 | H52: 大阪府 | I52: 高槻市 | J52: 別所中の町６番１－３０９号 | K52: =LEFT(SUBSTITUTE(REPLACE(J52,1,1,"〇"),MID(J52,3,1),"〇"),4) -> 〇所〇の | M52: =IF(L52<>"",LEFT(SUBSTITUTE(REPLACE(L52,1,1,"〇"),MID(L52,3,1),"〇"),4),"") | O52: =IF(N52<>"",SUBSTITUTE(REPLACE(N52,3,1,"0"),MID(N52,LEN(N52)-1,1),"0"),"") | P52: 090-9116-6931 | Q52: =IF(P52<>"",SUBSTITUTE(REPLACE(P52,2,1,"4"),MID(P52,LEN(P52)-1,1),"0"),"") -> 040-9116-6901 | R52: SMBC口座振替 | S52: 本人 | AE52: なし | AH52: 利用中
A53: 高柳 綾 | B53: =SUBSTITUTE(REPLACE(A53,1,1,"〇"),MID(A53,LEN(A53)-1,1),"〇") -> 〇柳〇綾 | C53: タカヤナギ アヤ | D53: =SUBSTITUTE(REPLACE(C53,1,1,"〇"),MID(C53,LEN(C53)-1,1),"〇") -> 〇カヤナギ 〇ヤ | E53: 26237 | F53: 女 | G53: 5690022 | H53: 大阪府 | I53: 高槻市 | J53: 須賀町48番12号の３ | K53: =LEFT(SUBSTITUTE(REPLACE(J53,1,1,"〇"),MID(J53,3,1),"〇"),4) -> 〇賀〇4 | M53: =IF(L53<>"",LEFT(SUBSTITUTE(REPLACE(L53,1,1,"〇"),MID(L53,3,1),"〇"),4),"") | N53: 072-671-4854 | O53: =IF(N53<>"",SUBSTITUTE(REPLACE(N53,3,1,"0"),MID(N53,LEN(N53)-1,1),"0"),"") -> 070-671-4804 | P53: 080-3038-4141 | Q53: =IF(P53<>"",SUBSTITUTE(REPLACE(P53,2,1,"4"),MID(P53,LEN(P53)-1,1),"0"),"") -> 000-3038-0101 | R53: SMBC口座振替 | S53: 本人 | AE53: なし | AH53: 利用中
A54: 武山 明菜 | B54: =SUBSTITUTE(REPLACE(A54,1,1,"〇"),MID(A54,LEN(A54)-1,1),"〇") -> 〇山 〇菜 | C54: タケヤマ アキナ | D54: =SUBSTITUTE(REPLACE(C54,1,1,"〇"),MID(C54,LEN(C54)-1,1),"〇") -> 〇ケヤマ ア〇ナ | E54: 30349 | F54: 女 | G54: 5690041 | H54: 大阪府 | I54: 高槻市 | J54: 北大樋町32番24号 | K54: =LEFT(SUBSTITUTE(REPLACE(J54,1,1,"〇"),MID(J54,3,1),"〇"),4) -> 〇大〇町 | M54: =IF(L54<>"",LEFT(SUBSTITUTE(REPLACE(L54,1,1,"〇"),MID(L54,3,1),"〇"),4),"") | O54: =IF(N54<>"",SUBSTITUTE(REPLACE(N54,3,1,"0"),MID(N54,LEN(N54)-1,1),"0"),"") | P54: 080-4562-2159 | Q54: =IF(P54<>"",SUBSTITUTE(REPLACE(P54,2,1,"4"),MID(P54,LEN(P54)-1,1),"0"),"") -> 040-4062-2109 | R54: SMBC口座振替 | S54: 本人 | AE54: なし | AH54: 利用中
A55: 辻 里沙 | B55: =SUBSTITUTE(REPLACE(A55,1,1,"〇"),MID(A55,LEN(A55)-1,1),"〇") -> 〇 〇沙 | C55: ツジ リサ | D55: =SUBSTITUTE(REPLACE(C55,1,1,"〇"),MID(C55,LEN(C55)-1,1),"〇") -> 〇ジ 〇サ | E55: 27964 | F55: 女 | G55: 5691034 | H55: 大阪府 | I55: 高槻市 | J55: 大蔵司2丁目５２番２２号ソシア・アグネス２０３号 | K55: =LEFT(SUBSTITUTE(REPLACE(J55,1,1,"〇"),MID(J55,3,1),"〇"),4) -> 〇蔵〇2 | M55: =IF(L55<>"",LEFT(SUBSTITUTE(REPLACE(L55,1,1,"〇"),MID(L55,3,1),"〇"),4),"") | O55: =IF(N55<>"",SUBSTITUTE(REPLACE(N55,3,1,"0"),MID(N55,LEN(N55)-1,1),"0"),"") | P55: 090-1010-3127 | Q55: =IF(P55<>"",SUBSTITUTE(REPLACE(P55,2,1,"4"),MID(P55,LEN(P55)-1,1),"0"),"") -> 040-1010-3107 | R55: SMBC口座振替 | S55: 本人 | AE55: なし | AH55: 利用中
A56: 筒水 葉子 | B56: =SUBSTITUTE(REPLACE(A56,1,1,"〇"),MID(A56,LEN(A56)-1,1),"〇") -> 〇水 〇子 | C56: ツツミズ ヨウコ | D56: =SUBSTITUTE(REPLACE(C56,1,1,"〇"),MID(C56,LEN(C56)-1,1),"〇") -> 〇ツミズ ヨ〇コ | E56: 27153 | F56: 女 | G56: 5690053 | H56: 大阪府 | I56: 高槻市 | J56: 春日町１０番６号 | K56: =LEFT(SUBSTITUTE(REPLACE(J56,1,1,"〇"),MID(J56,3,1),"〇"),4) -> 〇日〇１ | M56: =IF(L56<>"",LEFT(SUBSTITUTE(REPLACE(L56,1,1,"〇"),MID(L56,3,1),"〇"),4),"") | N56: 072-675-5789 | O56: =IF(N56<>"",SUBSTITUTE(REPLACE(N56,3,1,"0"),MID(N56,LEN(N56)-1,1),"0"),"") -> 070-675-5709 | P56: 090-3848-9728 | Q56: =IF(P56<>"",SUBSTITUTE(REPLACE(P56,2,1,"4"),MID(P56,LEN(P56)-1,1),"0"),"") -> 040-3848-9708 | R56: SMBC口座振替 | S56: 本人 | AE56: なし | AH56: 利用停止
A57: 寺迫 愛 | B57: =SUBSTITUTE(REPLACE(A57,1,1,"〇"),MID(A57,LEN(A57)-1,1),"〇") -> 〇迫〇愛 | C57: テラサコ アイ | D57: =SUBSTITUTE(REPLACE(C57,1,1,"〇"),MID(C57,LEN(C57)-1,1),"〇") -> 〇ラサコ 〇イ | E57: 30729 | F57: 女 | G57: 5690036 | H57: 大阪府 | I57: 高槻市 | J57: 辻子1-12-16-1 | K57: =LEFT(SUBSTITUTE(REPLACE(J57,1,1,"〇"),MID(J57,3,1),"〇"),4) -> 〇子〇- | M57: =IF(L57<>"",LEFT(SUBSTITUTE(REPLACE(L57,1,1,"〇"),MID(L57,3,1),"〇"),4),"") | O57: =IF(N57<>"",SUBSTITUTE(REPLACE(N57,3,1,"0"),MID(N57,LEN(N57)-1,1),"0"),"") | P57: 090-1898-6466 | Q57: =IF(P57<>"",SUBSTITUTE(REPLACE(P57,2,1,"4"),MID(P57,LEN(P57)-1,1),"0"),"") -> 040-1898-0400 | R57: SMBC口座振替 | S57: 本人 | AE57: なし | AH57: 利用中
A58: 寺田 葉月 | B58: =SUBSTITUTE(REPLACE(A58,1,1,"〇"),MID(A58,LEN(A58)-1,1),"〇") -> 〇田 〇月 | C58: テラダ ハヅキ | D58: =SUBSTITUTE(REPLACE(C58,1,1,"〇"),MID(C58,LEN(C58)-1,1),"〇") -> 〇ラダ ハ〇キ | E58: 34752 | F58: 女 | G58: 5690042 | H58: 大阪府 | I58: 高槻市 | J58: 南大樋町15番2号 | K58: =LEFT(SUBSTITUTE(REPLACE(J58,1,1,"〇"),MID(J58,3,1),"〇"),4) -> 〇大〇町 | M58: =IF(L58<>"",LEFT(SUBSTITUTE(REPLACE(L58,1,1,"〇"),MID(L58,3,1),"〇"),4),"") | O58: =IF(N58<>"",SUBSTITUTE(REPLACE(N58,3,1,"0"),MID(N58,LEN(N58)-1,1),"0"),"") | P58: 090-3844-4187 | Q58: =IF(P58<>"",SUBSTITUTE(REPLACE(P58,2,1,"4"),MID(P58,LEN(P58)-1,1),"0"),"") -> 040-3044-4107 | R58: 集金 | S58: 本人 | AE58: なし | AH58: 利用停止
A59: 寺本 典子 | B59: =SUBSTITUTE(REPLACE(A59,1,1,"〇"),MID(A59,LEN(A59)-1,1),"〇") -> 〇本 〇子 | C59: テラモト ノリコ | D59: =SUBSTITUTE(REPLACE(C59,1,1,"〇"),MID(C59,LEN(C59)-1,1),"〇") -> 〇ラモト ノ〇コ | E59: 24701 | F59: 女 | G59: 5690034 | H59: 大阪府 | I59: 高槻市 | J59: 大塚町2丁目52番9号 | K59: =LEFT(SUBSTITUTE(REPLACE(J59,1,1,"〇"),MID(J59,3,1),"〇"),4) -> 〇塚〇2 | M59: =IF(L59<>"",LEFT(SUBSTITUTE(REPLACE(L59,1,1,"〇"),MID(L59,3,1),"〇"),4),"") | N59: 072-675-1386 | O59: =IF(N59<>"",SUBSTITUTE(REPLACE(N59,3,1,"0"),MID(N59,LEN(N59)-1,1),"0"),"") -> 070-675-1306 | P59: 090-5677-5798 | Q59: =IF(P59<>"",SUBSTITUTE(REPLACE(P59,2,1,"4"),MID(P59,LEN(P59)-1,1),"0"),"") -> 040-5677-5708 | R59: SMBC口座振替 | S59: 本人 | AE59: なし | AH59: 利用中
A60: 遠山 路子 | B60: =SUBSTITUTE(REPLACE(A60,1,1,"〇"),MID(A60,LEN(A60)-1,1),"〇") -> 〇山 〇子 | C60: トオヤマ ミチコ | D60: =SUBSTITUTE(REPLACE(C60,1,1,"〇"),MID(C60,LEN(C60)-1,1),"〇") -> 〇オヤマ ミ〇コ | E60: 29170 | F60: 女 | G60: 5690036 | H60: 大阪府 | I60: 高槻市 | J60: 辻子1丁目16番13号 | K60: =LEFT(SUBSTITUTE(REPLACE(J60,1,1,"〇"),MID(J60,3,1),"〇"),4) -> 〇子〇丁 | M60: =IF(L60<>"",LEFT(SUBSTITUTE(REPLACE(L60,1,1,"〇"),MID(L60,3,1),"〇"),4),"") | N60: 072-628-8284 | O60: =IF(N60<>"",SUBSTITUTE(REPLACE(N60,3,1,"0"),MID(N60,LEN(N60)-1,1),"0"),"") -> 070-620-0204 | P60: 090-1132-4915 | Q60: =IF(P60<>"",SUBSTITUTE(REPLACE(P60,2,1,"4"),MID(P60,LEN(P60)-1,1),"0"),"") -> 040-0032-4905 | R60: SMBC口座振替 | S60: 本人 | AE60: なし | AH60: 利用中
A61: 富岡 和子 | B61: =SUBSTITUTE(REPLACE(A61,1,1,"〇"),MID(A61,LEN(A61)-1,1),"〇") -> 〇岡 〇子 | C61: トミオカ カズコ | D61: =SUBSTITUTE(REPLACE(C61,1,1,"〇"),MID(C61,LEN(C61)-1,1),"〇") -> 〇ミオカ カ〇コ | E61: 29028 | F61: 女 | G61: 5690823 | H61: 大阪府 | I61: 高槻市 | J61: 芝生町1丁目59番19号 | K61: =LEFT(SUBSTITUTE(REPLACE(J61,1,1,"〇"),MID(J61,3,1),"〇"),4) -> 〇生〇1 | M61: =IF(L61<>"",LEFT(SUBSTITUTE(REPLACE(L61,1,1,"〇"),MID(L61,3,1),"〇"),4),"") | N61: 072-628-4318 | O61: =IF(N61<>"",SUBSTITUTE(REPLACE(N61,3,1,"0"),MID(N61,LEN(N61)-1,1),"0"),"") -> 070-628-4308 | P61: 090-2111-3351 | Q61: =IF(P61<>"",SUBSTITUTE(REPLACE(P61,2,1,"4"),MID(P61,LEN(P61)-1,1),"0"),"") -> 040-2111-3301 | R61: SMBC口座振替 | S61: 本人 | AE61: なし | AH61: 利用中
A62: 富岡 和子 | B62: =SUBSTITUTE(REPLACE(A62,1,1,"〇"),MID(A62,LEN(A62)-1,1),"〇") -> 〇岡 〇子 | C62: トミオカ カズコ | D62: =SUBSTITUTE(REPLACE(C62,1,1,"〇"),MID(C62,LEN(C62)-1,1),"〇") -> 〇ミオカ カ〇コ | E62: 29028 | F62: 女 | G62: 5690823 | H62: 大阪府 | I62: 高槻市 | J62: 芝生町１丁目５９番１９号 | K62: =LEFT(SUBSTITUTE(REPLACE(J62,1,1,"〇"),MID(J62,3,1),"〇"),4) -> 〇生〇１ | M62: =IF(L62<>"",LEFT(SUBSTITUTE(REPLACE(L62,1,1,"〇"),MID(L62,3,1),"〇"),4),"") | N62: 072-628-4318 | O62: =IF(N62<>"",SUBSTITUTE(REPLACE(N62,3,1,"0"),MID(N62,LEN(N62)-1,1),"0"),"") -> 070-628-4308 | P62: 090-2111-3351 | Q62: =IF(P62<>"",SUBSTITUTE(REPLACE(P62,2,1,"4"),MID(P62,LEN(P62)-1,1),"0"),"") -> 040-2111-3301 | R62: SMBC口座振替 | S62: 本人 | AE62: なし | AH62: 利用中
A63: 土橋 愛 | B63: =SUBSTITUTE(REPLACE(A63,1,1,"〇"),MID(A63,LEN(A63)-1,1),"〇") -> 〇橋〇愛 | C63: ドバシ アイ | D63: =SUBSTITUTE(REPLACE(C63,1,1,"〇"),MID(C63,LEN(C63)-1,1),"〇") -> 〇バシ 〇イ | E63: 30834 | F63: 女 | G63: 5691022 | H63: 大阪府 | I63: 高槻市 | J63: 日吉台五番町１１番８号の１ | K63: =LEFT(SUBSTITUTE(REPLACE(J63,1,1,"〇"),MID(J63,3,1),"〇"),4) -> 〇吉〇五 | M63: =IF(L63<>"",LEFT(SUBSTITUTE(REPLACE(L63,1,1,"〇"),MID(L63,3,1),"〇"),4),"") | N63: 072-655-5145 | O63: =IF(N63<>"",SUBSTITUTE(REPLACE(N63,3,1,"0"),MID(N63,LEN(N63)-1,1),"0"),"") -> 070-655-5105 | P63: 090-8367-9929 | Q63: =IF(P63<>"",SUBSTITUTE(REPLACE(P63,2,1,"4"),MID(P63,LEN(P63)-1,1),"0"),"") -> 040-8367-9909 | R63: SMBC口座振替 | S63: 本人 | AE63: なし | AH63: 利用中
A64: 内藤 有由美 | B64: =SUBSTITUTE(REPLACE(A64,1,1,"〇"),MID(A64,LEN(A64)-1,1),"〇") -> 〇藤 有〇美 | C64: ナイトウ アユミ | D64: =SUBSTITUTE(REPLACE(C64,1,1,"〇"),MID(C64,LEN(C64)-1,1),"〇") -> 〇イトウ ア〇ミ | E64: 41993 | F64: 女 | G64: 5690064 | H64: 大阪府 | I64: 高槻市 | J64: 庄所町11-4 | K64: =LEFT(SUBSTITUTE(REPLACE(J64,1,1,"〇"),MID(J64,3,1),"〇"),4) -> 〇所〇1 | M64: =IF(L64<>"",LEFT(SUBSTITUTE(REPLACE(L64,1,1,"〇"),MID(L64,3,1),"〇"),4),"") | N64: 072-629-4359 | O64: =IF(N64<>"",SUBSTITUTE(REPLACE(N64,3,1,"0"),MID(N64,LEN(N64)-1,1),"0"),"") -> 070-629-4309 | P64: 080-2448-3124 | Q64: =IF(P64<>"",SUBSTITUTE(REPLACE(P64,2,1,"4"),MID(P64,LEN(P64)-1,1),"0"),"") -> 040-0448-3104 | R64: SMBC口座振替 | S64: 本人 | AE64: なし | AH64: 利用中
A65: 中杉 久代 | B65: =SUBSTITUTE(REPLACE(A65,1,1,"〇"),MID(A65,LEN(A65)-1,1),"〇") -> 〇杉 〇代 | C65: ナカスギ ヒサヨ | D65: =SUBSTITUTE(REPLACE(C65,1,1,"〇"),MID(C65,LEN(C65)-1,1),"〇") -> 〇カスギ ヒ〇ヨ | E65: 26906 | F65: 女 | G65: 5691029 | H65: 大阪府 | I65: 高槻市 | J65: 安岡寺町５丁目２２番４号 | K65: =LEFT(SUBSTITUTE(REPLACE(J65,1,1,"〇"),MID(J65,3,1),"〇"),4) -> 〇岡〇町 | M65: =IF(L65<>"",LEFT(SUBSTITUTE(REPLACE(L65,1,1,"〇"),MID(L65,3,1),"〇"),4),"") | N65: 072-668-1960 | O65: =IF(N65<>"",SUBSTITUTE(REPLACE(N65,3,1,"0"),MID(N65,LEN(N65)-1,1),"0"),"") -> 070-008-1900 | P65: 090-8061-9493 | Q65: =IF(P65<>"",SUBSTITUTE(REPLACE(P65,2,1,"4"),MID(P65,LEN(P65)-1,1),"0"),"") -> 040-8061-0403 | R65: 集金 | S65: 本人 | AE65: なし | AH65: 一時停止
A66: 中西 恵 | B66: =SUBSTITUTE(REPLACE(A66,1,1,"〇"),MID(A66,LEN(A66)-1,1),"〇") -> 〇西〇恵 | C66: ナカニシ メグミ | D66: =SUBSTITUTE(REPLACE(C66,1,1,"〇"),MID(C66,LEN(C66)-1,1),"〇") -> 〇カニシ メ〇ミ | E66: 29203 | F66: 女 | G66: 5690055 | H66: 大阪府 | I66: 高槻市 | J66: 西冠1丁目15番28号 | K66: =LEFT(SUBSTITUTE(REPLACE(J66,1,1,"〇"),MID(J66,3,1),"〇"),4) -> 〇冠〇丁 | M66: =IF(L66<>"",LEFT(SUBSTITUTE(REPLACE(L66,1,1,"〇"),MID(L66,3,1),"〇"),4),"") | O66: =IF(N66<>"",SUBSTITUTE(REPLACE(N66,3,1,"0"),MID(N66,LEN(N66)-1,1),"0"),"") | P66: 9069804459 | Q66: =IF(P66<>"",SUBSTITUTE(REPLACE(P66,2,1,"4"),MID(P66,LEN(P66)-1,1),"0"),"") -> 9469804409 | R66: SMBC口座振替 | S66: 本人 | AE66: なし | AH66: 利用中
A67: 中原 栄子 | B67: =SUBSTITUTE(REPLACE(A67,1,1,"〇"),MID(A67,LEN(A67)-1,1),"〇") -> 〇原 〇子 | C67: ナカハラ エイコ | D67: =SUBSTITUTE(REPLACE(C67,1,1,"〇"),MID(C67,LEN(C67)-1,1),"〇") -> 〇カハラ エ〇コ | E67: 26581 | F67: 女 | G67: 5690825 | H67: 大阪府 | I67: 高槻市 | J67: 栄町1丁目2番９－206号 | K67: =LEFT(SUBSTITUTE(REPLACE(J67,1,1,"〇"),MID(J67,3,1),"〇"),4) -> 〇町〇丁 | M67: =IF(L67<>"",LEFT(SUBSTITUTE(REPLACE(L67,1,1,"〇"),MID(L67,3,1),"〇"),4),"") | N67: 072-696-6321 | O67: =IF(N67<>"",SUBSTITUTE(REPLACE(N67,3,1,"0"),MID(N67,LEN(N67)-1,1),"0"),"") -> 070-696-6301 | P67: 090-1904-7984 | Q67: =IF(P67<>"",SUBSTITUTE(REPLACE(P67,2,1,"4"),MID(P67,LEN(P67)-1,1),"0"),"") -> 040-1904-7904 | R67: SMBC口座振替 | S67: 本人 | AE67: なし | AH67: 利用中
A68: 中村 暢子 | B68: =SUBSTITUTE(REPLACE(A68,1,1,"〇"),MID(A68,LEN(A68)-1,1),"〇") -> 〇村 〇子 | C68: ナカムラ ノブコ | D68: =SUBSTITUTE(REPLACE(C68,1,1,"〇"),MID(C68,LEN(C68)-1,1),"〇") -> 〇カムラ ノ〇コ | E68: 28393 | F68: 女 | G68: 5691021 | H68: 大阪府 | I68: 高槻市 | J68: 弥生が丘町2番2号 | K68: =LEFT(SUBSTITUTE(REPLACE(J68,1,1,"〇"),MID(J68,3,1),"〇"),4) -> 〇生〇丘 | M68: =IF(L68<>"",LEFT(SUBSTITUTE(REPLACE(L68,1,1,"〇"),MID(L68,3,1),"〇"),4),"") | N68: 072-6283-395 | O68: =IF(N68<>"",SUBSTITUTE(REPLACE(N68,3,1,"0"),MID(N68,LEN(N68)-1,1),"0"),"") -> 070-6283-305 | P68: 090-8889-0925 | Q68: =IF(P68<>"",SUBSTITUTE(REPLACE(P68,2,1,"4"),MID(P68,LEN(P68)-1,1),"0"),"") -> 040-8889-0905 | R68: SMBC口座振替 | S68: 本人 | AE68: なし | AH68: 利用中
A69: 中村 友里 | B69: =SUBSTITUTE(REPLACE(A69,1,1,"〇"),MID(A69,LEN(A69)-1,1),"〇") -> 〇村 〇里 | C69: ナカムラ ユリ | D69: =SUBSTITUTE(REPLACE(C69,1,1,"〇"),MID(C69,LEN(C69)-1,1),"〇") -> 〇カムラ 〇リ | E69: 31641 | F69: 女 | G69: 5690041 | H69: 大阪府 | I69: 高槻市 | J69: 北大樋町４７番１９号 | K69: =LEFT(SUBSTITUTE(REPLACE(J69,1,1,"〇"),MID(J69,3,1),"〇"),4) -> 〇大〇町 | M69: =IF(L69<>"",LEFT(SUBSTITUTE(REPLACE(L69,1,1,"〇"),MID(L69,3,1),"〇"),4),"") | N69: 080-1463-0817 | O69: =IF(N69<>"",SUBSTITUTE(REPLACE(N69,3,1,"0"),MID(N69,LEN(N69)-1,1),"0"),"") -> 080-0463-0807 | Q69: =IF(P69<>"",SUBSTITUTE(REPLACE(P69,2,1,"4"),MID(P69,LEN(P69)-1,1),"0"),"") | R69: SMBC口座振替 | S69: 本人 | AE69: なし | AH69: 利用中
A70: 西川 尚子 | B70: =SUBSTITUTE(REPLACE(A70,1,1,"〇"),MID(A70,LEN(A70)-1,1),"〇") -> 〇川 〇子 | C70: ニシカワ ナオコ | D70: =SUBSTITUTE(REPLACE(C70,1,1,"〇"),MID(C70,LEN(C70)-1,1),"〇") -> 〇シカワ ナ〇コ | E70: 31752 | F70: 女 | G70: 5690055 | H70: 大阪府 | I70: 高槻市 | J70: 西冠１丁目８番１６号 | K70: =LEFT(SUBSTITUTE(REPLACE(J70,1,1,"〇"),MID(J70,3,1),"〇"),4) -> 〇冠〇丁 | M70: =IF(L70<>"",LEFT(SUBSTITUTE(REPLACE(L70,1,1,"〇"),MID(L70,3,1),"〇"),4),"") | N70: 090-2106-6694 | O70: =IF(N70<>"",SUBSTITUTE(REPLACE(N70,3,1,"0"),MID(N70,LEN(N70)-1,1),"0"),"") -> 000-2106-6604 | Q70: =IF(P70<>"",SUBSTITUTE(REPLACE(P70,2,1,"4"),MID(P70,LEN(P70)-1,1),"0"),"") | R70: 集金 | S70: 本人 | AE70: なし | AH70: 利用停止
A71: 西田 由佳 | B71: =SUBSTITUTE(REPLACE(A71,1,1,"〇"),MID(A71,LEN(A71)-1,1),"〇") -> 〇田 〇佳 | C71: ニシダ ユカ | D71: =SUBSTITUTE(REPLACE(C71,1,1,"〇"),MID(C71,LEN(C71)-1,1),"〇") -> 〇シダ 〇カ | E71: 30737 | F71: 女 | G71: 5690061 | H71: 大阪府 | I71: 高槻市 | J71: 高西町6-3-408 | K71: =LEFT(SUBSTITUTE(REPLACE(J71,1,1,"〇"),MID(J71,3,1),"〇"),4) -> 〇西〇6 | M71: =IF(L71<>"",LEFT(SUBSTITUTE(REPLACE(L71,1,1,"〇"),MID(L71,3,1),"〇"),4),"") | O71: =IF(N71<>"",SUBSTITUTE(REPLACE(N71,3,1,"0"),MID(N71,LEN(N71)-1,1),"0"),"") | P71: 9066690946 | Q71: =IF(P71<>"",SUBSTITUTE(REPLACE(P71,2,1,"4"),MID(P71,LEN(P71)-1,1),"0"),"") -> 9066690906 | R71: SMBC口座振替 | S71: 本人 | AE71: なし | AH71: 利用中
A72: 野﨑 賜 | B72: =SUBSTITUTE(REPLACE(A72,1,1,"〇"),MID(A72,LEN(A72)-1,1),"〇") -> 〇﨑〇賜 | C72: ノザキ メグム | D72: =SUBSTITUTE(REPLACE(C72,1,1,"〇"),MID(C72,LEN(C72)-1,1),"〇") -> 〇ザキ メ〇ム | E72: 30187 | F72: 女 | G72: 5690043 | H72: 大阪府 | I72: 高槻市 | J72: 竹の内町３５番７号 | K72: =LEFT(SUBSTITUTE(REPLACE(J72,1,1,"〇"),MID(J72,3,1),"〇"),4) -> 〇の〇町 | M72: =IF(L72<>"",LEFT(SUBSTITUTE(REPLACE(L72,1,1,"〇"),MID(L72,3,1),"〇"),4),"") | O72: =IF(N72<>"",SUBSTITUTE(REPLACE(N72,3,1,"0"),MID(N72,LEN(N72)-1,1),"0"),"") | P72: 090-3639-1267 | Q72: =IF(P72<>"",SUBSTITUTE(REPLACE(P72,2,1,"4"),MID(P72,LEN(P72)-1,1),"0"),"") -> 040-3039-1207 | R72: SMBC口座振替 | S72: 本人 | AE72: なし | AH72: 一時停止
A73: 服部 愛 | B73: =SUBSTITUTE(REPLACE(A73,1,1,"〇"),MID(A73,LEN(A73)-1,1),"〇") -> 〇部〇愛 | C73: ハットリ アイ | D73: =SUBSTITUTE(REPLACE(C73,1,1,"〇"),MID(C73,LEN(C73)-1,1),"〇") -> 〇ットリ 〇イ | E73: 26940 | F73: 女 | G73: 5690046 | H73: 大阪府 | I73: 高槻市 | J73: 登町5-A34-305 | K73: =LEFT(SUBSTITUTE(REPLACE(J73,1,1,"〇"),MID(J73,3,1),"〇"),4) -> 〇町〇- | M73: =IF(L73<>"",LEFT(SUBSTITUTE(REPLACE(L73,1,1,"〇"),MID(L73,3,1),"〇"),4),"") | N73: 072-675-1724 | O73: =IF(N73<>"",SUBSTITUTE(REPLACE(N73,3,1,"0"),MID(N73,LEN(N73)-1,1),"0"),"") -> 070-675-1704 | P73: 090-1022-6633 | Q73: =IF(P73<>"",SUBSTITUTE(REPLACE(P73,2,1,"4"),MID(P73,LEN(P73)-1,1),"0"),"") -> 040-1022-6600 | R73: SMBC口座振替 | S73: 本人 | AE73: なし | AH73: 利用中
A74: 濱田 くみ | B74: =SUBSTITUTE(REPLACE(A74,1,1,"〇"),MID(A74,LEN(A74)-1,1),"〇") -> 〇田 〇み | C74: ハマダ クミ | D74: =SUBSTITUTE(REPLACE(C74,1,1,"〇"),MID(C74,LEN(C74)-1,1),"〇") -> 〇マダ 〇ミ | E74: 27968 | F74: 女 | G74: 5690806 | H74: 大阪府 | I74: 高槻市 | J74: 明田町3番15 | K74: =LEFT(SUBSTITUTE(REPLACE(J74,1,1,"〇"),MID(J74,3,1),"〇"),4) -> 〇田〇3 | L74: クレアガーデン高槻プレミアム804号 | M74: =IF(L74<>"",LEFT(SUBSTITUTE(REPLACE(L74,1,1,"〇"),MID(L74,3,1),"〇"),4),"") -> 〇レ〇ガ | O74: =IF(N74<>"",SUBSTITUTE(REPLACE(N74,3,1,"0"),MID(N74,LEN(N74)-1,1),"0"),"") | P74: 090-4983-5571 | Q74: =IF(P74<>"",SUBSTITUTE(REPLACE(P74,2,1,"4"),MID(P74,LEN(P74)-1,1),"0"),"") -> 040-4983-5501 | R74: SMBC口座振替 | S74: 本人 | AE74: なし | AH74: 利用停止
A75: 林 純子 | B75: =SUBSTITUTE(REPLACE(A75,1,1,"〇"),MID(A75,LEN(A75)-1,1),"〇") -> 〇 〇子 | C75: ハヤシ ジユンコ | D75: =SUBSTITUTE(REPLACE(C75,1,1,"〇"),MID(C75,LEN(C75)-1,1),"〇") -> 〇ヤシ ジユ〇コ | E75: 27046 | F75: 女 | G75: 5690805 | H75: 大阪府 | I75: 高槻市 | J75: 上田辺町12番16号 | K75: =LEFT(SUBSTITUTE(REPLACE(J75,1,1,"〇"),MID(J75,3,1),"〇"),4) -> 〇田〇町 | M75: =IF(L75<>"",LEFT(SUBSTITUTE(REPLACE(L75,1,1,"〇"),MID(L75,3,1),"〇"),4),"") | N75: 072-655-1852 | O75: =IF(N75<>"",SUBSTITUTE(REPLACE(N75,3,1,"0"),MID(N75,LEN(N75)-1,1),"0"),"") -> 070-600-1802 | P75: 090-3629-2228 | Q75: =IF(P75<>"",SUBSTITUTE(REPLACE(P75,2,1,"4"),MID(P75,LEN(P75)-1,1),"0"),"") -> 040-3609-0008 | R75: SMBC口座振替 | S75: 本人 | AE75: なし | AH75: 利用中
A76: 春木 早百合 | B76: =SUBSTITUTE(REPLACE(A76,1,1,"〇"),MID(A76,LEN(A76)-1,1),"〇") -> 〇木 早〇合 | C76: ハルキ サユリ | D76: =SUBSTITUTE(REPLACE(C76,1,1,"〇"),MID(C76,LEN(C76)-1,1),"〇") -> 〇ルキ サ〇リ | E76: 29899 | F76: 女 | G76: 5690041 | H76: 大阪府 | I76: 高槻市 | J76: 北大樋町5番34号 | K76: =LEFT(SUBSTITUTE(REPLACE(J76,1,1,"〇"),MID(J76,3,1),"〇"),4) -> 〇大〇町 | M76: =IF(L76<>"",LEFT(SUBSTITUTE(REPLACE(L76,1,1,"〇"),MID(L76,3,1),"〇"),4),"") | N76: 072-628-8159 | O76: =IF(N76<>"",SUBSTITUTE(REPLACE(N76,3,1,"0"),MID(N76,LEN(N76)-1,1),"0"),"") -> 070-628-8109 | P76: 090-6909-5467 | Q76: =IF(P76<>"",SUBSTITUTE(REPLACE(P76,2,1,"4"),MID(P76,LEN(P76)-1,1),"0"),"") -> 040-0909-5407 | R76: SMBC口座振替 | S76: 本人 | AE76: なし | AH76: 利用中
A77: 樋口 広美 | B77: =SUBSTITUTE(REPLACE(A77,1,1,"〇"),MID(A77,LEN(A77)-1,1),"〇") -> 〇口 〇美 | C77: ヒグチ ヒロミ | D77: =SUBSTITUTE(REPLACE(C77,1,1,"〇"),MID(C77,LEN(C77)-1,1),"〇") -> 〇グチ ヒ〇ミ | E77: 27386 | F77: 女 | G77: 5691121 | H77: 大阪府 | I77: 高槻市 | J77: 真上町１丁目１６番１－３０３号 | K77: =LEFT(SUBSTITUTE(REPLACE(J77,1,1,"〇"),MID(J77,3,1),"〇"),4) -> 〇上〇１ | M77: =IF(L77<>"",LEFT(SUBSTITUTE(REPLACE(L77,1,1,"〇"),MID(L77,3,1),"〇"),4),"") | N77: 072-668-7665 | O77: =IF(N77<>"",SUBSTITUTE(REPLACE(N77,3,1,"0"),MID(N77,LEN(N77)-1,1),"0"),"") -> 070-008-7005 | P77: 090-7497-2949 | Q77: =IF(P77<>"",SUBSTITUTE(REPLACE(P77,2,1,"4"),MID(P77,LEN(P77)-1,1),"0"),"") -> 000-7097-2909 | R77: SMBC口座振替 | S77: 本人 | AE77: なし | AH77: 利用中
A78: 藤井 朋世 | B78: =SUBSTITUTE(REPLACE(A78,1,1,"〇"),MID(A78,LEN(A78)-1,1),"〇") -> 〇井 〇世 | C78: フジイ トモヨ | D78: =SUBSTITUTE(REPLACE(C78,1,1,"〇"),MID(C78,LEN(C78)-1,1),"〇") -> 〇ジイ ト〇ヨ | E78: 32055 | F78: 女 | G78: 5690055 | H78: 大阪府 | I78: 高槻市 | J78: 西冠1丁目2番11号 | K78: =LEFT(SUBSTITUTE(REPLACE(J78,1,1,"〇"),MID(J78,3,1),"〇"),4) -> 〇冠〇丁 | M78: =IF(L78<>"",LEFT(SUBSTITUTE(REPLACE(L78,1,1,"〇"),MID(L78,3,1),"〇"),4),"") | N78: 072-671-8983 | O78: =IF(N78<>"",SUBSTITUTE(REPLACE(N78,3,1,"0"),MID(N78,LEN(N78)-1,1),"0"),"") -> 070-671-0903 | P78: 080-5333-2305 | Q78: =IF(P78<>"",SUBSTITUTE(REPLACE(P78,2,1,"4"),MID(P78,LEN(P78)-1,1),"0"),"") -> 040-5333-2305 | R78: SMBC口座振替 | S78: 本人 | AE78: なし | AH78: 利用中
A79: 藤井 朋世 | B79: =SUBSTITUTE(REPLACE(A79,1,1,"〇"),MID(A79,LEN(A79)-1,1),"〇") -> 〇井 〇世 | C79: フジイ トモヨ | D79: =SUBSTITUTE(REPLACE(C79,1,1,"〇"),MID(C79,LEN(C79)-1,1),"〇") -> 〇ジイ ト〇ヨ | E79: 32055 | F79: 女 | G79: 5690055 | H79: 大阪府 | I79: 高槻市 | J79: 西冠1丁目2番11号 | K79: =LEFT(SUBSTITUTE(REPLACE(J79,1,1,"〇"),MID(J79,3,1),"〇"),4) -> 〇冠〇丁 | M79: =IF(L79<>"",LEFT(SUBSTITUTE(REPLACE(L79,1,1,"〇"),MID(L79,3,1),"〇"),4),"") | N79: 072-671-8983 | O79: =IF(N79<>"",SUBSTITUTE(REPLACE(N79,3,1,"0"),MID(N79,LEN(N79)-1,1),"0"),"") -> 070-671-0903 | P79: 080-5333-2305 | Q79: =IF(P79<>"",SUBSTITUTE(REPLACE(P79,2,1,"4"),MID(P79,LEN(P79)-1,1),"0"),"") -> 040-5333-2305 | R79: SMBC口座振替 | S79: 本人 | AE79: なし | AH79: 利用中
A80: 藤井 雅美 | B80: =SUBSTITUTE(REPLACE(A80,1,1,"〇"),MID(A80,LEN(A80)-1,1),"〇") -> 〇井 〇美 | C80: フジイ マサミ | D80: =SUBSTITUTE(REPLACE(C80,1,1,"〇"),MID(C80,LEN(C80)-1,1),"〇") -> 〇ジイ マ〇ミ | E80: 28374 | F80: 女 | G80: 5690077 | H80: 大阪府 | I80: 高槻市 | J80: 野見町2番11 | K80: =LEFT(SUBSTITUTE(REPLACE(J80,1,1,"〇"),MID(J80,3,1),"〇"),4) -> 〇見〇2 | L80: 803号 | M80: =IF(L80<>"",LEFT(SUBSTITUTE(REPLACE(L80,1,1,"〇"),MID(L80,3,1),"〇"),4),"") -> 〇0〇号 | O80: =IF(N80<>"",SUBSTITUTE(REPLACE(N80,3,1,"0"),MID(N80,LEN(N80)-1,1),"0"),"") | P80: 9017134123 | Q80: =IF(P80<>"",SUBSTITUTE(REPLACE(P80,2,1,"4"),MID(P80,LEN(P80)-1,1),"0"),"") -> 9417134103 | R80: SMBC口座振替 | S80: 本人 | AE80: なし | AH80: 一時停止
A81: 藤本 恵 | B81: =SUBSTITUTE(REPLACE(A81,1,1,"〇"),MID(A81,LEN(A81)-1,1),"〇") -> 〇本〇恵 | C81: フジモト メグミ | D81: =SUBSTITUTE(REPLACE(C81,1,1,"〇"),MID(C81,LEN(C81)-1,1),"〇") -> 〇ジモト メ〇ミ | E81: 28675 | F81: 女 | G81: 5690032 | H81: 大阪府 | I81: 高槻市 | J81: 東和町50番1-202号 | K81: =LEFT(SUBSTITUTE(REPLACE(J81,1,1,"〇"),MID(J81,3,1),"〇"),4) -> 〇和〇5 | M81: =IF(L81<>"",LEFT(SUBSTITUTE(REPLACE(L81,1,1,"〇"),MID(L81,3,1),"〇"),4),"") | O81: =IF(N81<>"",SUBSTITUTE(REPLACE(N81,3,1,"0"),MID(N81,LEN(N81)-1,1),"0"),"") | P81: 090-7112-8044 | Q81: =IF(P81<>"",SUBSTITUTE(REPLACE(P81,2,1,"4"),MID(P81,LEN(P81)-1,1),"0"),"") -> 000-7112-8000 | R81: SMBC口座振替 | S81: 本人 | AE81: なし | AH81: 利用中
A82: 藤本 祐太 | B82: =SUBSTITUTE(REPLACE(A82,1,1,"〇"),MID(A82,LEN(A82)-1,1),"〇") -> 〇本 〇太 | C82: フジモト ユウタ | D82: =SUBSTITUTE(REPLACE(C82,1,1,"〇"),MID(C82,LEN(C82)-1,1),"〇") -> 〇ジモト ユ〇タ | E82: 32105 | F82: 男 | G82: 5670036 | H82: 大阪府 | I82: 茨木市 | J82: 上穂積2丁目3番25号 | K82: =LEFT(SUBSTITUTE(REPLACE(J82,1,1,"〇"),MID(J82,3,1),"〇"),4) -> 〇穂〇2 | L82: ラ・コモドーナ茨木303号 | M82: =IF(L82<>"",LEFT(SUBSTITUTE(REPLACE(L82,1,1,"〇"),MID(L82,3,1),"〇"),4),"") -> 〇・〇モ | O82: =IF(N82<>"",SUBSTITUTE(REPLACE(N82,3,1,"0"),MID(N82,LEN(N82)-1,1),"0"),"") | P82: 090-2049-6490 | Q82: =IF(P82<>"",SUBSTITUTE(REPLACE(P82,2,1,"4"),MID(P82,LEN(P82)-1,1),"0"),"") -> 040-2040-6400 | R82: 集金 | S82: 本人 | AE82: なし | AH82: 利用中
A83: 古川 由香 | B83: =SUBSTITUTE(REPLACE(A83,1,1,"〇"),MID(A83,LEN(A83)-1,1),"〇") -> 〇川 〇香 | C83: フルカワ ユカ | D83: =SUBSTITUTE(REPLACE(C83,1,1,"〇"),MID(C83,LEN(C83)-1,1),"〇") -> 〇ルカワ 〇カ | E83: 27214 | F83: 女 | G83: 5691131 | H83: 大阪府 | I83: 高槻市 | J83: 郡家本町48番5号 | K83: =LEFT(SUBSTITUTE(REPLACE(J83,1,1,"〇"),MID(J83,3,1),"〇"),4) -> 〇家〇町 | M83: =IF(L83<>"",LEFT(SUBSTITUTE(REPLACE(L83,1,1,"〇"),MID(L83,3,1),"〇"),4),"") | O83: =IF(N83<>"",SUBSTITUTE(REPLACE(N83,3,1,"0"),MID(N83,LEN(N83)-1,1),"0"),"") | P83: 080-4398-6003 | Q83: =IF(P83<>"",SUBSTITUTE(REPLACE(P83,2,1,"4"),MID(P83,LEN(P83)-1,1),"0"),"") -> 040-4398-6003 | R83: 集金 | S83: 本人 | AE83: なし | AH83: 一時停止
A84: 本郷 麻佑 | B84: =SUBSTITUTE(REPLACE(A84,1,1,"〇"),MID(A84,LEN(A84)-1,1),"〇") -> 〇郷 〇佑 | C84: ホンゴウ マユウ | D84: =SUBSTITUTE(REPLACE(C84,1,1,"〇"),MID(C84,LEN(C84)-1,1),"〇") -> 〇ンゴウ マ〇ウ | E84: 30829 | F84: 女 | G84: 5690855 | H84: 大阪府 | I84: 高槻市 | J84: 牧田町6番40-403号 | K84: =LEFT(SUBSTITUTE(REPLACE(J84,1,1,"〇"),MID(J84,3,1),"〇"),4) -> 〇田〇6 | M84: =IF(L84<>"",LEFT(SUBSTITUTE(REPLACE(L84,1,1,"〇"),MID(L84,3,1),"〇"),4),"") | O84: =IF(N84<>"",SUBSTITUTE(REPLACE(N84,3,1,"0"),MID(N84,LEN(N84)-1,1),"0"),"") | P84: 090-3851-4302 | Q84: =IF(P84<>"",SUBSTITUTE(REPLACE(P84,2,1,"4"),MID(P84,LEN(P84)-1,1),"0"),"") -> 040-3851-4302 | R84: 集金 | S84: 本人 | AE84: なし | AH84: 利用中
A85: 本郷 麻佑 | B85: =SUBSTITUTE(REPLACE(A85,1,1,"〇"),MID(A85,LEN(A85)-1,1),"〇") -> 〇郷 〇佑 | C85: ホンゴウ マユウ | D85: =SUBSTITUTE(REPLACE(C85,1,1,"〇"),MID(C85,LEN(C85)-1,1),"〇") -> 〇ンゴウ マ〇ウ | E85: 30829 | F85: 女 | G85: 5690805 | H85: 大阪府 | I85: 高槻市 | J85: 牧田町6番40-403号 | K85: =LEFT(SUBSTITUTE(REPLACE(J85,1,1,"〇"),MID(J85,3,1),"〇"),4) -> 〇田〇6 | M85: =IF(L85<>"",LEFT(SUBSTITUTE(REPLACE(L85,1,1,"〇"),MID(L85,3,1),"〇"),4),"") | O85: =IF(N85<>"",SUBSTITUTE(REPLACE(N85,3,1,"0"),MID(N85,LEN(N85)-1,1),"0"),"") | P85: 090-3851-4302 | Q85: =IF(P85<>"",SUBSTITUTE(REPLACE(P85,2,1,"4"),MID(P85,LEN(P85)-1,1),"0"),"") -> 040-3851-4302 | R85: 集金 | S85: 本人 | AE85: なし | AH85: 利用中
A86: 増尾 智宏 | B86: =SUBSTITUTE(REPLACE(A86,1,1,"〇"),MID(A86,LEN(A86)-1,1),"〇") -> 〇尾 〇宏 | C86: マスオ トモヒロ | D86: =SUBSTITUTE(REPLACE(C86,1,1,"〇"),MID(C86,LEN(C86)-1,1),"〇") -> 〇スオ トモ〇ロ | E86: 27936 | F86: 男 | G86: 5690022 | H86: 大阪府 | I86: 高槻市 | J86: 須賀町59-18-8 | K86: =LEFT(SUBSTITUTE(REPLACE(J86,1,1,"〇"),MID(J86,3,1),"〇"),4) -> 〇賀〇5 | M86: =IF(L86<>"",LEFT(SUBSTITUTE(REPLACE(L86,1,1,"〇"),MID(L86,3,1),"〇"),4),"") | N86: 072-661-0177 | O86: =IF(N86<>"",SUBSTITUTE(REPLACE(N86,3,1,"0"),MID(N86,LEN(N86)-1,1),"0"),"") -> 000-661-0100 | P86: 070-4015-2041 | Q86: =IF(P86<>"",SUBSTITUTE(REPLACE(P86,2,1,"4"),MID(P86,LEN(P86)-1,1),"0"),"") -> 000-0015-2001 | R86: SMBC口座振替 | S86: 本人 | AE86: なし | AH86: 利用中
A87: 松井 幸子 | B87: =SUBSTITUTE(REPLACE(A87,1,1,"〇"),MID(A87,LEN(A87)-1,1),"〇") -> 〇井 〇子 | C87: マツイ ユキコ | D87: =SUBSTITUTE(REPLACE(C87,1,1,"〇"),MID(C87,LEN(C87)-1,1),"〇") -> 〇ツイ ユ〇コ | E87: 25587 | F87: 女 | G87: 5691144 | H87: 大阪府 | I87: 高槻市 | J87: 大畑町１２番９－１１０４号 | K87: =LEFT(SUBSTITUTE(REPLACE(J87,1,1,"〇"),MID(J87,3,1),"〇"),4) -> 〇畑〇１ | M87: =IF(L87<>"",LEFT(SUBSTITUTE(REPLACE(L87,1,1,"〇"),MID(L87,3,1),"〇"),4),"") | N87: 072-693-4162 | O87: =IF(N87<>"",SUBSTITUTE(REPLACE(N87,3,1,"0"),MID(N87,LEN(N87)-1,1),"0"),"") -> 070-093-4102 | P87: 080-1441-4768 | Q87: =IF(P87<>"",SUBSTITUTE(REPLACE(P87,2,1,"4"),MID(P87,LEN(P87)-1,1),"0"),"") -> 040-1441-4708 | R87: SMBC口座振替 | S87: 本人 | AE87: なし | AH87: 利用中
A88: 松岡 紀代子 | B88: =SUBSTITUTE(REPLACE(A88,1,1,"〇"),MID(A88,LEN(A88)-1,1),"〇") -> 〇岡 紀〇子 | C88: マツオカ キヨコ | D88: =SUBSTITUTE(REPLACE(C88,1,1,"〇"),MID(C88,LEN(C88)-1,1),"〇") -> 〇ツオカ キ〇コ | E88: 29209 | F88: 女 | G88: 5690823 | H88: 大阪府 | I88: 高槻市 | J88: 芝生町１丁目４１番２－２０６号 | K88: =LEFT(SUBSTITUTE(REPLACE(J88,1,1,"〇"),MID(J88,3,1),"〇"),4) -> 〇生〇１ | M88: =IF(L88<>"",LEFT(SUBSTITUTE(REPLACE(L88,1,1,"〇"),MID(L88,3,1),"〇"),4),"") | O88: =IF(N88<>"",SUBSTITUTE(REPLACE(N88,3,1,"0"),MID(N88,LEN(N88)-1,1),"0"),"") | P88: 090-6965-1416 | Q88: =IF(P88<>"",SUBSTITUTE(REPLACE(P88,2,1,"4"),MID(P88,LEN(P88)-1,1),"0"),"") -> 040-6965-0406 | R88: 集金 | S88: 本人 | AE88: なし | AH88: 利用中
A89: 松田 みずほ | B89: =SUBSTITUTE(REPLACE(A89,1,1,"〇"),MID(A89,LEN(A89)-1,1),"〇") -> 〇田 み〇ほ | C89: マツダ ミズホ | D89: =SUBSTITUTE(REPLACE(C89,1,1,"〇"),MID(C89,LEN(C89)-1,1),"〇") -> 〇ツダ ミ〇ホ | E89: 29453 | F89: 女 | G89: 5690822 | H89: 大阪府 | I89: 高槻市 | J89: 津之江町１丁目１４番８号 | K89: =LEFT(SUBSTITUTE(REPLACE(J89,1,1,"〇"),MID(J89,3,1),"〇"),4) -> 〇之〇町 | M89: =IF(L89<>"",LEFT(SUBSTITUTE(REPLACE(L89,1,1,"〇"),MID(L89,3,1),"〇"),4),"") | O89: =IF(N89<>"",SUBSTITUTE(REPLACE(N89,3,1,"0"),MID(N89,LEN(N89)-1,1),"0"),"") | P89: 090-8249-9109 | Q89: =IF(P89<>"",SUBSTITUTE(REPLACE(P89,2,1,"4"),MID(P89,LEN(P89)-1,1),"0"),"") -> 040-8249-9109 | R89: SMBC口座振替 | S89: 本人 | AE89: なし | AH89: 利用中
A90: 松村 珠代 | B90: =SUBSTITUTE(REPLACE(A90,1,1,"〇"),MID(A90,LEN(A90)-1,1),"〇") -> 〇村 〇代 | C90: マツムラ タマヨ | D90: =SUBSTITUTE(REPLACE(C90,1,1,"〇"),MID(C90,LEN(C90)-1,1),"〇") -> 〇ツムラ タ〇ヨ | E90: 28298 | F90: 女 | G90: 5690036 | H90: 大阪府 | I90: 高槻市 | J90: 辻子1丁目7番12号 | K90: =LEFT(SUBSTITUTE(REPLACE(J90,1,1,"〇"),MID(J90,3,1),"〇"),4) -> 〇子〇丁 | M90: =IF(L90<>"",LEFT(SUBSTITUTE(REPLACE(L90,1,1,"〇"),MID(L90,3,1),"〇"),4),"") | N90: 072-674-5356 | O90: =IF(N90<>"",SUBSTITUTE(REPLACE(N90,3,1,"0"),MID(N90,LEN(N90)-1,1),"0"),"") -> 070-674-0306 | P90: 090-6863-3618 | Q90: =IF(P90<>"",SUBSTITUTE(REPLACE(P90,2,1,"4"),MID(P90,LEN(P90)-1,1),"0"),"") -> 040-6863-3608 | R90: SMBC口座振替 | S90: 本人 | AE90: なし | AH90: 利用中
A91: 松村 珠代 | B91: =SUBSTITUTE(REPLACE(A91,1,1,"〇"),MID(A91,LEN(A91)-1,1),"〇") -> 〇村 〇代 | C91: マツムラ タマヨ | D91: =SUBSTITUTE(REPLACE(C91,1,1,"〇"),MID(C91,LEN(C91)-1,1),"〇") -> 〇ツムラ タ〇ヨ | E91: 28298 | F91: 女 | G91: 5690036 | H91: 大阪府 | I91: 高槻市 | J91: 辻子1丁目7番12号 | K91: =LEFT(SUBSTITUTE(REPLACE(J91,1,1,"〇"),MID(J91,3,1),"〇"),4) -> 〇子〇丁 | M91: =IF(L91<>"",LEFT(SUBSTITUTE(REPLACE(L91,1,1,"〇"),MID(L91,3,1),"〇"),4),"") | N91: 072-674-5356 | O91: =IF(N91<>"",SUBSTITUTE(REPLACE(N91,3,1,"0"),MID(N91,LEN(N91)-1,1),"0"),"") -> 070-674-0306 | P91: 090-6863-3618 | Q91: =IF(P91<>"",SUBSTITUTE(REPLACE(P91,2,1,"4"),MID(P91,LEN(P91)-1,1),"0"),"") -> 040-6863-3608 | R91: SMBC口座振替 | S91: 本人 | AE91: なし | AH91: 利用中
A92: 松本 豊美 | B92: =SUBSTITUTE(REPLACE(A92,1,1,"〇"),MID(A92,LEN(A92)-1,1),"〇") -> 〇本 〇美 | C92: マツモト トヨミ | D92: =SUBSTITUTE(REPLACE(C92,1,1,"〇"),MID(C92,LEN(C92)-1,1),"〇") -> 〇ツモト ト〇ミ | E92: 26125 | F92: 女 | G92: 5690002 | H92: 大阪府 | I92: 高槻市 | J92: 東上牧３丁目５番１４号 | K92: =LEFT(SUBSTITUTE(REPLACE(J92,1,1,"〇"),MID(J92,3,1),"〇"),4) -> 〇上〇３ | M92: =IF(L92<>"",LEFT(SUBSTITUTE(REPLACE(L92,1,1,"〇"),MID(L92,3,1),"〇"),4),"") | N92: 726699797 | O92: =IF(N92<>"",SUBSTITUTE(REPLACE(N92,3,1,"0"),MID(N92,LEN(N92)-1,1),"0"),"") -> 720600707 | P92: 9011403908 | Q92: =IF(P92<>"",SUBSTITUTE(REPLACE(P92,2,1,"4"),MID(P92,LEN(P92)-1,1),"0"),"") -> 9411403908 | R92: SMBC口座振替 | S92: 本人 | AE92: なし | AH92: 利用中
A93: 三浦 麻美 | B93: =SUBSTITUTE(REPLACE(A93,1,1,"〇"),MID(A93,LEN(A93)-1,1),"〇") -> 〇浦 〇美 | C93: ミウラ アサミ | D93: =SUBSTITUTE(REPLACE(C93,1,1,"〇"),MID(C93,LEN(C93)-1,1),"〇") -> 〇ウラ ア〇ミ | E93: 31571 | F93: 女 | G93: 5691042 | H93: 大阪府 | I93: 高槻市 | J93: 南平台1丁目10番1号 | K93: =LEFT(SUBSTITUTE(REPLACE(J93,1,1,"〇"),MID(J93,3,1),"〇"),4) -> 〇平〇1 | M93: =IF(L93<>"",LEFT(SUBSTITUTE(REPLACE(L93,1,1,"〇"),MID(L93,3,1),"〇"),4),"") | O93: =IF(N93<>"",SUBSTITUTE(REPLACE(N93,3,1,"0"),MID(N93,LEN(N93)-1,1),"0"),"") | P93: 090-8392-7381 | Q93: =IF(P93<>"",SUBSTITUTE(REPLACE(P93,2,1,"4"),MID(P93,LEN(P93)-1,1),"0"),"") -> 040-0392-7301 | R93: SMBC口座振替 | S93: 本人 | AE93: なし | AH93: 利用中
A94: 満仲 絵里子 | B94: =SUBSTITUTE(REPLACE(A94,1,1,"〇"),MID(A94,LEN(A94)-1,1),"〇") -> 〇仲 絵〇子 | C94: ミツナカ エリコ | D94: =SUBSTITUTE(REPLACE(C94,1,1,"〇"),MID(C94,LEN(C94)-1,1),"〇") -> 〇ツナカ エ〇コ | E94: 28773 | F94: 女 | G94: 5690056 | H94: 大阪府 | I94: 高槻市 | J94: 城南町２丁目３２番１６号 | K94: =LEFT(SUBSTITUTE(REPLACE(J94,1,1,"〇"),MID(J94,3,1),"〇"),4) -> 〇南〇２ | M94: =IF(L94<>"",LEFT(SUBSTITUTE(REPLACE(L94,1,1,"〇"),MID(L94,3,1),"〇"),4),"") | O94: =IF(N94<>"",SUBSTITUTE(REPLACE(N94,3,1,"0"),MID(N94,LEN(N94)-1,1),"0"),"") | P94: 090-5960-2248 | Q94: =IF(P94<>"",SUBSTITUTE(REPLACE(P94,2,1,"4"),MID(P94,LEN(P94)-1,1),"0"),"") -> 000-5960-2208 | R94: SMBC口座振替 | S94: 本人 | AE94: なし | AH94: 利用中
A95: 村野 博信 | B95: =SUBSTITUTE(REPLACE(A95,1,1,"〇"),MID(A95,LEN(A95)-1,1),"〇") -> 〇野 〇信 | C95: ムラノ ヒロノブ | D95: =SUBSTITUTE(REPLACE(C95,1,1,"〇"),MID(C95,LEN(C95)-1,1),"〇") -> 〇ラ〇 ヒロ〇ブ | E95: 27272 | F95: 男 | G95: 5690032 | H95: 大阪府 | I95: 高槻市 | J95: 東和町３２番８号 | K95: =LEFT(SUBSTITUTE(REPLACE(J95,1,1,"〇"),MID(J95,3,1),"〇"),4) -> 〇和〇３ | L95: マーブルハイツ東和103号 | M95: =IF(L95<>"",LEFT(SUBSTITUTE(REPLACE(L95,1,1,"〇"),MID(L95,3,1),"〇"),4),"") -> 〇ー〇ル | N95: 072-690-7408 | O95: =IF(N95<>"",SUBSTITUTE(REPLACE(N95,3,1,"0"),MID(N95,LEN(N95)-1,1),"0"),"") -> 070-690-7408 | P95: 090-9114-3010 | Q95: =IF(P95<>"",SUBSTITUTE(REPLACE(P95,2,1,"4"),MID(P95,LEN(P95)-1,1),"0"),"") -> 040-9004-3000 | R95: 集金 | S95: 本人 | AE95: なし | AH95: 一時停止
A96: 村山 智美 | B96: =SUBSTITUTE(REPLACE(A96,1,1,"〇"),MID(A96,LEN(A96)-1,1),"〇") -> 〇山 〇美 | C96: ムラヤマ トモミ | D96: =SUBSTITUTE(REPLACE(C96,1,1,"〇"),MID(C96,LEN(C96)-1,1),"〇") -> 〇ラヤマ ト〇ミ | E96: 27465 | F96: 女 | G96: 5690078 | H96: 大阪府 | I96: 高槻市 | J96: 大手町3番17-305号 | K96: =LEFT(SUBSTITUTE(REPLACE(J96,1,1,"〇"),MID(J96,3,1),"〇"),4) -> 〇手〇3 | M96: =IF(L96<>"",LEFT(SUBSTITUTE(REPLACE(L96,1,1,"〇"),MID(L96,3,1),"〇"),4),"") | N96: 072-647-5493 | O96: =IF(N96<>"",SUBSTITUTE(REPLACE(N96,3,1,"0"),MID(N96,LEN(N96)-1,1),"0"),"") -> 070-647-5403 | P96: 090-3926-2154 | Q96: =IF(P96<>"",SUBSTITUTE(REPLACE(P96,2,1,"4"),MID(P96,LEN(P96)-1,1),"0"),"") -> 040-3926-2104 | R96: SMBC口座振替 | S96: 本人 | AE96: なし | AH96: 利用中
A97: 村山 智美 | B97: =SUBSTITUTE(REPLACE(A97,1,1,"〇"),MID(A97,LEN(A97)-1,1),"〇") -> 〇山 〇美 | C97: ムラヤマ トモミ | D97: =SUBSTITUTE(REPLACE(C97,1,1,"〇"),MID(C97,LEN(C97)-1,1),"〇") -> 〇ラヤマ ト〇ミ | E97: 27465 | F97: 女 | G97: 5690078 | H97: 大阪府 | I97: 高槻市 | J97: 大手町3番17-305号 | K97: =LEFT(SUBSTITUTE(REPLACE(J97,1,1,"〇"),MID(J97,3,1),"〇"),4) -> 〇手〇3 | M97: =IF(L97<>"",LEFT(SUBSTITUTE(REPLACE(L97,1,1,"〇"),MID(L97,3,1),"〇"),4),"") | N97: 072-647-5493 | O97: =IF(N97<>"",SUBSTITUTE(REPLACE(N97,3,1,"0"),MID(N97,LEN(N97)-1,1),"0"),"") -> 070-647-5403 | P97: 090-3926-2154 | Q97: =IF(P97<>"",SUBSTITUTE(REPLACE(P97,2,1,"4"),MID(P97,LEN(P97)-1,1),"0"),"") -> 040-3926-2104 | R97: SMBC口座振替 | S97: 本人 | AE97: なし | AH97: 利用中
A98: 森本 響子 | B98: =SUBSTITUTE(REPLACE(A98,1,1,"〇"),MID(A98,LEN(A98)-1,1),"〇") -> 〇本 〇子 | C98: モリモト キョウコ | D98: =SUBSTITUTE(REPLACE(C98,1,1,"〇"),MID(C98,LEN(C98)-1,1),"〇") -> 〇リモト キョ〇コ | E98: 30681 | F98: 女 | G98: 5690081 | H98: 大阪府 | I98: 高槻市 | J98: 宮野町17番7号 | K98: =LEFT(SUBSTITUTE(REPLACE(J98,1,1,"〇"),MID(J98,3,1),"〇"),4) -> 〇野〇1 | M98: =IF(L98<>"",LEFT(SUBSTITUTE(REPLACE(L98,1,1,"〇"),MID(L98,3,1),"〇"),4),"") | O98: =IF(N98<>"",SUBSTITUTE(REPLACE(N98,3,1,"0"),MID(N98,LEN(N98)-1,1),"0"),"") | P98: 080-1491-9427 | Q98: =IF(P98<>"",SUBSTITUTE(REPLACE(P98,2,1,"4"),MID(P98,LEN(P98)-1,1),"0"),"") -> 040-1491-9407 | R98: SMBC口座振替 | S98: 本人 | AE98: なし | AH98: 利用中
A99: 森本 響子 | B99: =SUBSTITUTE(REPLACE(A99,1,1,"〇"),MID(A99,LEN(A99)-1,1),"〇") -> 〇本 〇子 | C99: モリモト キョウコ | D99: =SUBSTITUTE(REPLACE(C99,1,1,"〇"),MID(C99,LEN(C99)-1,1),"〇") -> 〇リモト キョ〇コ | E99: 30681 | F99: 女 | G99: 5690081 | H99: 大阪府 | I99: 高槻市 | J99: 宮野町17番7号 | K99: =LEFT(SUBSTITUTE(REPLACE(J99,1,1,"〇"),MID(J99,3,1),"〇"),4) -> 〇野〇1 | M99: =IF(L99<>"",LEFT(SUBSTITUTE(REPLACE(L99,1,1,"〇"),MID(L99,3,1),"〇"),4),"") | O99: =IF(N99<>"",SUBSTITUTE(REPLACE(N99,3,1,"0"),MID(N99,LEN(N99)-1,1),"0"),"") | P99: 080-1491-9427 | Q99: =IF(P99<>"",SUBSTITUTE(REPLACE(P99,2,1,"4"),MID(P99,LEN(P99)-1,1),"0"),"") -> 040-1491-9407 | R99: SMBC口座振替 | S99: 本人 | AE99: なし | AH99: 利用中
A100: 安本 ちひろ | B100: =SUBSTITUTE(REPLACE(A100,1,1,"〇"),MID(A100,LEN(A100)-1,1),"〇") -> 〇本 ち〇ろ | C100: ヤスモト チヒロ | D100: =SUBSTITUTE(REPLACE(C100,1,1,"〇"),MID(C100,LEN(C100)-1,1),"〇") -> 〇スモト チ〇ロ | E100: 29792 | F100: 女 | G100: 5690024 | H100: 大阪府 | I100: 高槻市 | J100: 日向町９番１５号 | K100: =LEFT(SUBSTITUTE(REPLACE(J100,1,1,"〇"),MID(J100,3,1),"〇"),4) -> 〇向〇９ | M100: =IF(L100<>"",LEFT(SUBSTITUTE(REPLACE(L100,1,1,"〇"),MID(L100,3,1),"〇"),4),"") | O100: =IF(N100<>"",SUBSTITUTE(REPLACE(N100,3,1,"0"),MID(N100,LEN(N100)-1,1),"0"),"") | P100: 9059666654 | Q100: =IF(P100<>"",SUBSTITUTE(REPLACE(P100,2,1,"4"),MID(P100,LEN(P100)-1,1),"0"),"") -> 9409666604 | R100: SMBC口座振替 | S100: 本人 | AE100: なし | AH100: 利用中
...

Sheet 予定・実績管理 全児童-2025年6月
A1: 2025年6月 | G1: 放課後等デイサービス きららステム西冠
A2: 日 | B2: 月 | C2: 火 | D2: 水 | E2: 木 | F2: 金 | G2: 土
A3: 1 | B3: 2 | C3: 3 | D3: 4 | E3: 5 | F3: 6 | G3: 7
B4: 16:00-17:40 [放] 三浦 峻二朗 | C4: 14:20-16:00 [放] 大矢 莉穂 | D4: 16:00-17:40 [放] 小笠原 駿 | E4: 14:20-16:00 [放] 松村 一花 | F4: 16:00-17:40 [放] 甲斐 友惺 | G4: 10:15-11:55 [放] 高松 奏
B5: 16:00-17:40 [放] 山本 佑成 | C5: 16:00-17:40 [放] 河野 圭悟 | D5: 16:00-17:40 [放] 松本 理佑 | E5: 14:20-17:40 [放] 川上 遼太 | F5: 16:00-17:40 [放] 阪本 悠真 | G5: 10:15-11:55 [放] 高柳 一輝
B6: 16:00-17:40 [放] 小見渕 統吾 | C6: 16:00-17:40 [放] 黒田 結世 | D6: 16:00-17:40 [放] 大井 美郁 | E6: 16:00-17:40 [放] 沖田 蒼真 | F6: 16:00-17:40 [放] 西田 幸生 | G6: 10:15-11:55 [放] 島田 睦生
B7: 16:00-17:40 [放] 神前 琉伎 | C7: 16:00-17:40 [放] 中原 蒼十朗 | D7: 16:00-17:40 [放] 尾崎 翼 | E7: 16:00-17:40 [放] 佐田 陸翔 | F7: 16:00-17:40 [放] 大井 美郁 | G7: 10:15-11:55 [放] 熱田 波音
B8: 16:00-17:40 [放] 川上 遼太 | C8: 16:00-17:40 [放] 中西 玲偉 | D8: 16:00-17:40 [放] 武山 紘太朗 | E8: 16:00-17:40 [放] 松井 亮弥 | F8: 16:00-17:40 [放] 藤井 翼 | G8: 10:15-11:55 [放] 柳井 琢磨
B9: 16:00-17:40 [放] 川野 智輝 | C9: 16:00-17:40 [放] 満仲 雄大 | D9: 17:45-19:25 [放] 井上 蒼介 | E9: 16:00-17:40 [放] 中村 颯人 | F9: 16:00-17:40 [放] 藤井 翔 | G9: 13:00-14:40 [放] 森本 凱翔
B10: 16:00-17:40 [放] 髙木 慶吾 | C10: 16:00-17:40 [放] 木下 雲日 | D10: 17:45-19:25 [放] 甲斐 蓮惺 | E10: 17:45-19:25 [放] 加藤 直人 | F10: 16:00-17:40 [放] 服部 由侑 | G10: 13:00-14:40 [放] 藤本 悠希
B11: 17:45-19:25 [放] 伊藤 実乃里 | C11: 17:45-19:25 [放] 鎌倉 未来 | D11: 17:45-19:25 [放] 山口 岳 | E11: 17:45-19:25 [放] 加藤 雄人 | F11: 17:45-19:25 [放] 安本 善哉 | G11: 13:00-14:40 [放] 芳之内 一樹
B12: 17:45-19:25 [放] 角 朋樹 | C12: 17:45-19:25 [放] 甲斐 希乃花 | D12: 17:45-19:25 [放] 神農 叶芽 | E12: 17:45-19:25 [放] 寺本 和真 | F12: 17:45-19:25 [放] 遠山 桃弥 | G12: 15:00-16:40 [放] 工藤 雄斗
B13: 17:45-19:25 [放] 甲斐 友惺 | C13: 17:45-19:25 [放] 甲斐 友惺 | D13: 17:45-19:25 [放] 川人 禄 | E13: 17:45-19:25 [放] 地蔵原 湊大 | F13: 17:45-19:25 [放] 秋山 快翔 | G13: 15:00-16:40 [放] 川路 拓夢
B14: 17:45-19:25 [放] 今西 芽生 | C14: 17:45-19:25 [放] 寺迫 紡 | D14: 17:45-19:25 [放] 熱田 波音 | E14: 17:45-19:25 [放] 内藤 聡祐 | F14: 17:45-19:25 [放] 松田 悠希 | G14: 15:00-16:40 [放] 村山 海渡
B15: 17:45-19:25 [放] 笹岡 奏太 | C15: 17:45-19:25 [放] 上浦 弘貴 | D15: 17:45-19:25 [放] 樋口 瑛己 | E15: 17:45-19:25 [放] 熱田 波音 | F15: 17:45-19:25 [放] 清水 悠 | G15: 15:00-16:40 [放] 村山 聡美
B16: 17:45-19:25 [放] 辻 航史朗 | C16: 17:45-19:25 [放] 石原 悠晴 | D16: 17:45-19:25 [放] 林 航希 | E16: 17:45-19:25 [放] 武山 紘太朗 | F16: 17:45-19:25 [放] 川野 拓海
C17: 17:45-19:25 [放] 浅井 塁偉 | F17: 17:45-19:25 [放] 富岡 響希
C18: 17:45-19:25 [放] 増尾 颯斗 | F18: 17:45-19:25 [放] 富岡 雫
A20: 8 | B20: 9 | C20: 10 | D20: 11 | E20: 12 | F20: 13 | G20: 14
B21: 16:00-17:40 [放] 三浦 峻二朗 | C21: 14:20-16:00 [放] 大矢 莉穂 | D21: 14:00-15:40 [放] 大矢 莉穂 | E21: 14:20-16:00 [放] 松村 一花 | F21: 16:00-17:40 [放] 阪本 悠真 | G21: 10:15-11:55 [放] 高柳 一輝
B22: 16:00-17:40 [放] 山本 佑成 | C22: 16:00-17:40 [放] 河野 圭悟 | D22: 16:00-17:40 [放] 小笠原 駿 | E22: 14:30-16:00 [放] 網野 晴 | F22: 16:00-17:40 [放] 松村 晴道 | G22: 10:15-11:55 [放] 川元 舜太
B23: 16:00-17:40 [放] 川上 遼太 | C23: 16:00-17:40 [放] 黒田 結世 | D23: 16:00-17:40 [放] 松本 理佑 | E23: 14:30-17:40 [放] 川上 遼太 | F23: 16:00-17:40 [放] 西田 幸生 | G23: 10:15-11:55 [放] 島田 睦生
B24: 16:00-17:40 [放] 川野 智輝 | C24: 16:00-17:40 [放] 中原 蒼十朗 | D24: 16:00-17:40 [放] 大井 美郁 | E24: 16:00-17:40 [放] 佐田 陸翔 | F24: 16:00-17:40 [放] 大井 美郁 | G24: 10:15-11:55 [放] 熱田 波音
B25: 16:00-17:40 [放] 髙木 慶吾 | C25: 16:00-17:40 [放] 中西 玲偉 | D25: 16:00-17:40 [放] 藤本 聖 | E25: 16:00-17:40 [放] 松井 亮弥 | F25: 16:00-17:40 [放] 藤井 翼 | G25: 10:15-11:55 [放] 柳井 琢磨
B26: 17:45-19:25 [放] 伊藤 実乃里 | C26: 16:00-17:40 [放] 満仲 雄大 | D26: 16:00-17:40 [放] 尾崎 翼 | E26: 16:00-17:40 [放] 中村 颯人 | F26: 16:00-17:40 [放] 藤井 翔 | G26: 13:00-14:40 [放] 吉田 航
B27: 17:45-19:25 [放] 角 朋樹 | C27: 16:00-17:40 [放] 木下 雲日 | D27: 16:00-17:40 [放] 武山 紘太朗 | E27: 17:45-19:25 [放] 佐藤 結虎 | F27: 16:00-17:40 [放] 服部 由侑 | G27: 13:00-14:40 [放] 森本 凱翔
B28: 17:45-19:25 [放] 今西 芽生 | C28: 17:45-19:25 [放] 甲斐 希乃花 | D28: 17:45-19:25 [放] 井上 蒼介 | E28: 17:45-19:25 [放] 寺本 和真 | F28: 17:45-19:25 [放] 安本 善哉 | G28: 13:00-14:40 [放] 森本 雄詠
B29: 17:45-19:25 [放] 笹岡 奏太 | C29: 17:45-19:25 [放] 甲斐 友惺 | D29: 17:45-19:25 [放] 甲斐 蓮惺 | E29: 17:45-19:25 [放] 春木 嶺汰 | F29: 17:45-19:25 [放] 遠山 桃弥 | G29: 13:00-14:40 [放] 大内 博登
B30: 17:45-19:25 [放] 辻 航史朗 | C30: 17:45-19:25 [放] 寺迫 紡 | D30: 17:45-19:25 [放] 山口 岳 | E30: 17:45-19:25 [放] 地蔵原 湊大 | F30: 17:45-19:25 [放] 松田 悠希 | G30: 13:00-14:40 [放] 渡邉 尊
C31: 17:45-19:25 [放] 上浦 弘貴 | D31: 17:45-19:25 [放] 神農 叶芽 | E31: 17:45-19:25 [放] 内藤 聡祐 | F31: 17:45-19:25 [放] 清水 悠 | G31: 13:00-14:40 [放] 土橋 柚希
C32: 17:45-19:25 [放] 石原 悠晴 | D32: 17:45-19:25 [放] 川人 禄 | E32: 17:45-19:25 [放] 熱田 波音 | F32: 17:45-19:25 [放] 川野 拓海 | G32: 15:00-16:40 [放] 工藤 雄斗
C33: 17:45-19:25 [放] 浅井 塁偉 | D33: 17:45-19:25 [放] 熱田 波音 | E33: 17:45-19:25 [放] 武山 紘太朗 | F33: 17:45-19:25 [放] 天野 月子 | G33: 15:00-16:40 [放] 川路 拓夢
D34: 17:45-19:25 [放] 樋口 瑛己 | F34: 17:45-19:25 [放] 富岡 響希 | G34: 15:00-16:40 [放] 村山 海渡
D35: 17:45-19:25 [放] 林 航希 | F35: 17:45-19:25 [放] 富岡 雫 | G35: 15:00-16:40 [放] 村山 聡美
G36: 15:00-16:40 [放] 藤本 悠希
A38: 15 | B38: 16 | C38: 17 | D38: 18 | E38: 19 | F38: 20 | G38: 21
B39: 14:20-17:40 [放] 川上 遼太 | C39: 14:20-16:00 [放] 大矢 莉穂 | D39: 14:00-15:40 [放] 大矢 莉穂 | E39: 14:20-16:00 [放] 松村 一花 | F39: 16:00-17:40 [放] 阪本 悠真 | G39: 10:15-11:55 [放] 伊藤 夏向
B40: 16:00-17:40 [放] 山本 佑成 | C40: 16:00-17:40 [放] 河野 圭悟 | D40: 16:00-17:40 [放] 小笠原 駿 | E40: 16:00-17:40 [放] 沖田 蒼真 | F40: 16:00-17:40 [放] 西田 幸生 | G40: 10:15-11:55 [放] 家里 義史
B41: 16:00-17:40 [放] 小見渕 統吾 | C41: 16:00-17:40 [放] 黒田 結世 | D41: 16:00-17:40 [放] 松本 理佑 | E41: 16:00-17:40 [放] 佐田 陸翔 | F41: 16:00-17:40 [放] 大井 美郁 | G41: 10:15-11:55 [放] 高松 奏
B42: 16:00-17:40 [放] 神前 琉伎 | C42: 16:00-17:40 [放] 中原 蒼十朗 | D42: 16:00-17:40 [放] 大井 美郁 | E42: 16:00-17:40 [放] 松井 亮弥 | F42: 16:00-17:40 [放] 藤井 翼 | G42: 10:15-11:55 [放] 熱田 波音
B43: 16:00-17:40 [放] 川野 智輝 | C43: 16:00-17:40 [放] 中西 玲偉 | D43: 16:00-17:40 [放] 尾崎 翼 | E43: 16:00-17:40 [放] 中村 颯人 | F43: 16:00-17:40 [放] 藤井 翔 | G43: 13:00-14:40 [放] 森本 凱翔
B44: 16:00-17:40 [放] 髙木 慶吾 | C44: 16:00-17:40 [放] 満仲 雄大 | D44: 16:00-17:40 [放] 武山 紘太朗 | E44: 17:45-19:25 [放] 佐藤 結虎 | F44: 16:00-17:40 [放] 服部 由侑 | G44: 13:00-14:40 [放] 森本 雄詠
B45: 17:45-19:25 [放] 伊藤 実乃里 | C45: 16:00-17:40 [放] 木下 雲日 | D45: 17:45-19:25 [放] 井上 蒼介 | E45: 17:45-19:25 [放] 寺本 和真 | F45: 17:45-19:25 [放] 安本 善哉 | G45: 13:00-14:40 [放] 芳之内 一樹
B46: 17:45-19:25 [放] 角 朋樹 | C46: 17:45-19:25 [放] 鎌倉 未来 | D46: 17:45-19:25 [放] 山口 岳 | E46: 17:45-19:25 [放] 春木 嶺汰 | F46: 17:45-19:25 [放] 遠山 桃弥 | G46: 15:00-16:40 [放] 工藤 雄斗
B47: 17:45-19:25 [放] 今西 芽生 | C47: 17:45-19:25 [放] 甲斐 希乃花 | D47: 17:45-19:25 [放] 神農 叶芽 | E47: 17:45-19:25 [放] 地蔵原 湊大 | F47: 17:45-19:25 [放] 松田 悠希 | G47: 15:00-16:40 [放] 川路 拓夢
B48: 17:45-19:25 [放] 笹岡 奏太 | C48: 17:45-19:25 [放] 甲斐 友惺 | D48: 17:45-19:25 [放] 熱田 波音 | E48: 17:45-19:25 [放] 内藤 聡祐 | F48: 17:45-19:25 [放] 清水 悠 | G48: 15:00-16:40 [放] 村山 海渡
B49: 17:45-19:25 [放] 辻 航史朗 | C49: 17:45-19:25 [放] 寺迫 紡 | D49: 17:45-19:25 [放] 樋口 瑛己 | E49: 17:45-19:25 [放] 熱田 波音 | F49: 17:45-19:25 [放] 川野 拓海 | G49: 15:00-16:40 [放] 村山 聡美
C50: 17:45-19:25 [放] 上浦 弘貴 | D50: 17:45-19:25 [放] 林 航希 | E50: 17:45-19:25 [放] 武山 紘太朗 | F50: 17:45-19:25 [放] 天野 月子
C51: 17:45-19:25 [放] 石原 悠晴 | F51: 17:45-19:25 [放] 富岡 響希
C52: 17:45-19:25 [放] 浅井 塁偉 | F52: 17:45-19:25 [放] 富岡 雫
C53: 17:45-19:25 [放] 増尾 颯斗
A55: 22 | B55: 23 | C55: 24 | D55: 25 | E55: 26 | F55: 27 | G55: 28
B56: 14:00-15:40 [放] 山口 莉舞 | C56: 14:20-16:00 [放] 大矢 莉穂 | D56: 14:00-15:40 [放] 大矢 莉穂 | E56: 14:20-16:00 [放] 松村 一花 | F56: 16:00-17:40 [放] 阪本 悠真 | G56: 10:15-11:55 [放] 伊藤 夏向
B57: 16:00-17:40 [放] 山本 佑成 | C57: 16:00-17:40 [放] 河野 圭悟 | D57: 16:00-17:40 [放] 小笠原 駿 | E57: 16:00-17:40 [放] 沖田 蒼真 | F57: 16:00-17:40 [放] 西田 幸生 | G57: 10:15-11:55 [放] 高柳 一輝
B58: 16:00-17:40 [放] 小見渕 統吾 | C58: 16:00-17:40 [放] 黒田 結世 | D58: 16:00-17:40 [放] 松本 理佑 | E58: 16:00-17:40 [放] 佐田 陸翔 | F58: 16:00-17:40 [放] 大井 美郁 | G58: 10:15-11:55 [放] 川元 舜太
B59: 16:00-17:40 [放] 神前 琉伎 | C59: 16:00-17:40 [放] 中原 蒼十朗 | D59: 16:00-17:40 [放] 大井 美郁 | E59: 16:00-17:40 [放] 中村 颯人 | F59: 16:00-17:40 [放] 藤井 翼 | G59: 10:15-11:55 [放] 島田 睦生
B60: 16:00-17:40 [放] 川上 遼太 | C60: 16:00-17:40 [放] 中西 玲偉 | D60: 16:00-17:40 [放] 藤本 聖 | E60: 17:45-19:25 [放] 加藤 直人 | F60: 16:00-17:40 [放] 藤井 翔 | G60: 10:15-11:55 [放] 熱田 波音
B61: 16:00-17:40 [放] 川野 智輝 | C61: 16:00-17:40 [放] 満仲 雄大 | D61: 16:00-17:40 [放] 尾崎 翼 | E61: 17:45-19:25 [放] 加藤 雄人 | F61: 16:00-17:40 [放] 服部 由侑 | G61: 10:15-11:55 [放] 柳井 琢磨
B62: 16:00-17:40 [放] 髙木 慶吾 | C62: 16:00-17:40 [放] 木下 雲日 | D62: 17:45-19:25 [放] 井上 蒼介 | E62: 17:45-19:25 [放] 佐藤 結虎 | F62: 17:45-19:25 [放] 安本 善哉 | G62: 12:00-13:00 [放] 中村 大輝
B63: 17:45-19:25 [放] 伊藤 実乃里 | C63: 17:45-19:25 [放] 鎌倉 未来 | D63: 17:45-19:25 [放] 甲斐 蓮惺 | E63: 17:45-19:25 [放] 寺本 和真 | F63: 17:45-19:25 [放] 遠山 桃弥 | G63: 13:00-14:40 [放] 吉田 航
B64: 17:45-19:25 [放] 角 朋樹 | C64: 17:45-19:25 [放] 甲斐 希乃花 | D64: 17:45-19:25 [放] 山口 岳 | E64: 17:45-19:25 [放] 地蔵原 湊大 | F64: 17:45-19:25 [放] 松田 悠希 | G64: 13:00-14:40 [放] 森本 凱翔
B65: 17:45-19:25 [放] 今西 芽生 | C65: 17:45-19:25 [放] 甲斐 友惺 | D65: 17:45-19:25 [放] 神農 叶芽 | E65: 17:45-19:25 [放] 内藤 聡祐 | F65: 17:45-19:25 [放] 清水 悠 | G65: 13:00-14:40 [放] 森本 雄詠
B66: 17:45-19:25 [放] 笹岡 奏太 | C66: 17:45-19:25 [放] 寺迫 紡 | D66: 17:45-19:25 [放] 熱田 波音 | E66: 17:45-19:25 [放] 熱田 波音 | F66: 17:45-19:25 [放] 川野 拓海 | G66: 13:00-14:40 [放] 大内 博登
B67: 17:45-19:25 [放] 増尾 颯斗 | C67: 17:45-19:25 [放] 上浦 弘貴 | D67: 17:45-19:25 [放] 樋口 瑛己 | F67: 17:45-19:25 [放] 天野 月子 | G67: 13:00-14:40 [放] 渡邉 尊
C68: 17:45-19:25 [放] 石原 悠晴 | D68: 17:45-19:25 [放] 林 航希 | F68: 17:45-19:25 [放] 富岡 響希 | G68: 13:00-14:40 [放] 土橋 柚希
C69: 17:45-19:25 [放] 浅井 塁偉 | F69: 17:45-19:25 [放] 富岡 雫 | G69: 15:00-16:40 [放] 工藤 雄斗
C70: 17:45-19:25 [放] 増尾 颯斗 | F70: 17:45-19:25 [放] 本郷 蔵之介 | G70: 15:00-16:40 [放] 川路 拓夢
G71: 15:00-16:40 [放] 村山 海渡
G72: 15:00-16:40 [放] 村山 聡美
G73: 15:00-16:40 [放] 藤本 悠希
A75: 29 | B75: 30
B76: 16:00-17:40 [放] 山本 佑成
B77: 16:00-17:40 [放] 小見渕 統吾
B78: 16:00-17:40 [放] 神前 琉伎
B79: 16:00-17:40 [放] 川上 遼太
B80: 16:00-17:40 [放] 川野 智輝
B81: 16:00-17:40 [放] 髙木 慶吾
B82: 17:45-19:25 [放] 伊藤 実乃里
B83: 17:45-19:25 [放] 角 朋樹
B84: 17:45-19:25 [放] 今西 芽生
B85: 17:45-19:25 [放] 笹岡 奏太
B86: 17:45-19:25 [放] 辻 航史朗
A89: お誕生日を迎える児童（7名）
A90: 誕生日 | B90: 児童名
A91: 6/25 | B91: 大矢 莉穂 （1名）
A92: 6/27 | B92: 川上 遼太、村山 海渡 （2名）
A93: 6/23 | B93: 川元 舜太、山口 岳 （2名）
A94: 6/24 | B94: 寺迫 紡 （1名）
A95: 6/8 | B95: 樋口 瑛己 （1名）

Sheet 予定・実績管理 全児童-2025年6月 (伏字)
A1: 2025年6月 | G1: 放課後等デイサービス きららステム西冠
A2: 日 | B2: 月 | C2: 火 | D2: 水 | E2: 木 | F2: 金 | G2: 土
A3: 1 | B3: 2 | C3: 3 | D3: 4 | E3: 5 | F3: 6 | G3: 7
B4: =IF('予定・実績管理 全児童-2025年6月'!B4<>"",SUBSTITUTE(REPLACE('予定・実績管理 全児童-2025年6月'!B4,17,1,"〇"),MID('予定・実績管理 全児童-2025年6月'!B4,LEN('予定・実績管理 全児童-2025年6月'!B4)-1,1),"〇"),"") -> 16:00-17:40 [放] 〇浦 峻〇朗 | C4: =IF('予定・実績管理 全児童-2025年6月'!C4<>"",SUBSTITUTE(REPLACE('予定・実績管理 全児童-2025年6月'!C4,17,1,"〇"),MID('予定・実績管理 全児童-2025年6月'!C4,LEN('予定・実績管理 全児童-2025年6月'!C4)-1,1),"〇"),"") -> 14:20-16:00 [放] 〇矢 〇穂 | D4: =IF('予定・実績管理 全児童-2025年6月'!D4<>"",SUBSTITUTE(REPLACE('予定・実績管理 全児童-2025年6月'!D4,17,1,"〇"),MID('予定・実績管理 全児童-2025年6月'!D4,LEN('予定・実績管理 全児童-2025年6月'!D4)-1,1),"〇"),"") -> 16:00-17:40〇[放]〇〇笠原〇駿 | E4: =IF('予定・実績管理 全児童-2025年6月'!E4<>"",SUBSTITUTE(REPLACE('予定・実績管理 全児童-2025年6月'!E4,17,1,"〇"),MID('予定・実績管理 全児童-2025年6月'!E4,LEN('予定・実績管理 全児童-2025年6月'!E4)-1,1),"〇"),"") -> 14:20-16:00 [放] 〇村 〇花 | F4: =IF('予定・実績管理 全児童-2025年6月'!F4<>"",SUBSTITUTE(REPLACE('予定・実績管理 全児童-2025年6月'!F4,17,1,"〇"),MID('予定・実績管理 全児童-2025年6月'!F4,LEN('予定・実績管理 全児童-2025年6月'!F4)-1,1),"〇"),"") -> 16:00-17:40 [放] 〇斐 〇惺 | G4: =IF('予定・実績管理 全児童-2025年6月'!G4<>"",SUBSTITUTE(REPLACE('予定・実績管理 全児童-2025年6月'!G4,17,1,"〇"),MID('予定・実績管理 全児童-2025年6月'!G4,LEN('予定・実績管理 全児童-2025年6月'!G4)-1,1),"〇"),"") -> 10:15-11:55〇[放]〇〇松〇奏
B5: =IF('予定・実績管理 全児童-2025年6月'!B5<>"",SUBSTITUTE(REPLACE('予定・実績管理 全児童-2025年6月'!B5,17,1,"〇"),MID('予定・実績管理 全児童-2025年6月'!B5,LEN('予定・実績管理 全児童-2025年6月'!B5)-1,1),"〇"),"") -> 16:00-17:40 [放] 〇本 〇成 | C5: =IF('予定・実績管理 全児童-2025年6月'!C5<>"",SUBSTITUTE(REPLACE('予定・実績管理 全児童-2025年6月'!C5,17,1,"〇"),MID('予定・実績管理 全児童-2025年6月'!C5,LEN('予定・実績管理 全児童-2025年6月'!C5)-1,1),"〇"),"") -> 16:00-17:40 [放] 〇野 〇悟 | D5: =IF('予定・実績管理 全児童-2025年6月'!D5<>"",SUBSTITUTE(REPLACE('予定・実績管理 全児童-2025年6月'!D5,17,1,"〇"),MID('予定・実績管理 全児童-2025年6月'!D5,LEN('予定・実績管理 全児童-2025年6月'!D5)-1,1),"〇"),"") -> 16:00-17:40 [放] 〇本 〇佑 | E5: =IF('予定・実績管理 全児童-2025年6月'!E5<>"",SUBSTITUTE(REPLACE('予定・実績管理 全児童-2025年6月'!E5,17,1,"〇"),MID('予定・実績管理 全児童-2025年6月'!E5,LEN('予定・実績管理 全児童-2025年6月'!E5)-1,1),"〇"),"") -> 14:20-17:40 [放] 〇上 〇太 | F5: =IF('予定・実績管理 全児童-2025年6月'!F5<>"",SUBSTITUTE(REPLACE('予定・実績管理 全児童-2025年6月'!F5,17,1,"〇"),MID('予定・実績管理 全児童-2025年6月'!F5,LEN('予定・実績管理 全児童-2025年6月'!F5)-1,1),"〇"),"") -> 16:00-17:40 [放] 〇本 〇真 | G5: =IF('予定・実績管理 全児童-2025年6月'!G5<>"",SUBSTITUTE(REPLACE('予定・実績管理 全児童-2025年6月'!G5,17,1,"〇"),MID('予定・実績管理 全児童-2025年6月'!G5,LEN('予定・実績管理 全児童-2025年6月'!G5)-1,1),"〇"),"") -> 10:15-11:55 [放] 〇柳 〇輝
B6: =IF('予定・実績管理 全児童-2025年6月'!B6<>"",SUBSTITUTE(REPLACE('予定・実績管理 全児童-2025年6月'!B6,17,1,"〇"),MID('予定・実績管理 全児童-2025年6月'!B6,LEN('予定・実績管理 全児童-2025年6月'!B6)-1,1),"〇"),"") -> 16:00-17:40 [放] 〇見渕 〇吾 | C6: =IF('予定・実績管理 全児童-2025年6月'!C6<>"",SUBSTITUTE(REPLACE('予定・実績管理 全児童-2025年6月'!C6,17,1,"〇"),MID('予定・実績管理 全児童-2025年6月'!C6,LEN('予定・実績管理 全児童-2025年6月'!C6)-1,1),"〇"),"") -> 16:00-17:40 [放] 〇田 〇世 | D6: =IF('予定・実績管理 全児童-2025年6月'!D6<>"",SUBSTITUTE(REPLACE('予定・実績管理 全児童-2025年6月'!D6,17,1,"〇"),MID('予定・実績管理 全児童-2025年6月'!D6,LEN('予定・実績管理 全児童-2025年6月'!D6)-1,1),"〇"),"") -> 16:00-17:40 [放] 〇井 〇郁 | E6: =IF('予定・実績管理 全児童-2025年6月'!E6<>"",SUBSTITUTE(REPLACE('予定・実績管理 全児童-2025年6月'!E6,17,1,"〇"),MID('予定・実績管理 全児童-2025年6月'!E6,LEN('予定・実績管理 全児童-2025年6月'!E6)-1,1),"〇"),"") -> 16:00-17:40 [放] 〇田 〇真 | F6: =IF('予定・実績管理 全児童-2025年6月'!F6<>"",SUBSTITUTE(REPLACE('予定・実績管理 全児童-2025年6月'!F6,17,1,"〇"),MID('予定・実績管理 全児童-2025年6月'!F6,LEN('予定・実績管理 全児童-2025年6月'!F6)-1,1),"〇"),"") -> 16:00-17:40 [放] 〇田 〇生 | G6: =IF('予定・実績管理 全児童-2025年6月'!G6<>"",SUBSTITUTE(REPLACE('予定・実績管理 全児童-2025年6月'!G6,17,1,"〇"),MID('予定・実績管理 全児童-2025年6月'!G6,LEN('予定・実績管理 全児童-2025年6月'!G6)-1,1),"〇"),"") -> 10:15-11:55 [放] 〇田 〇生
B7: =IF('予定・実績管理 全児童-2025年6月'!B7<>"",SUBSTITUTE(REPLACE('予定・実績管理 全児童-2025年6月'!B7,17,1,"〇"),MID('予定・実績管理 全児童-2025年6月'!B7,LEN('予定・実績管理 全児童-2025年6月'!B7)-1,1),"〇"),"") -> 16:00-17:40 [放] 〇前 〇伎 | C7: =IF('予定・実績管理 全児童-2025年6月'!C7<>"",SUBSTITUTE(REPLACE('予定・実績管理 全児童-2025年6月'!C7,17,1,"〇"),MID('予定・実績管理 全児童-2025年6月'!C7,LEN('予定・実績管理 全児童-2025年6月'!C7)-1,1),"〇"),"") -> 16:00-17:40 [放] 〇原 蒼〇朗 | D7: =IF('予定・実績管理 全児童-2025年6月'!D7<>"",SUBSTITUTE(REPLACE('予定・実績管理 全児童-2025年6月'!D7,17,1,"〇"),MID('予定・実績管理 全児童-2025年6月'!D7,LEN('予定・実績管理 全児童-2025年6月'!D7)-1,1),"〇"),"") -> 16:00-17:40〇[放]〇〇崎〇翼 | E7: =IF('予定・実績管理 全児童-2025年6月'!E7<>"",SUBSTITUTE(REPLACE('予定・実績管理 全児童-2025年6月'!E7,17,1,"〇"),MID('予定・実績管理 全児童-2025年6月'!E7,LEN('予定・実績管理 全児童-2025年6月'!E7)-1,1),"〇"),"") -> 16:00-17:40 [放] 〇田 〇翔 | F7: =IF('予定・実績管理 全児童-2025年6月'!F7<>"",SUBSTITUTE(REPLACE('予定・実績管理 全児童-2025年6月'!F7,17,1,"〇"),MID('予定・実績管理 全児童-2025年6月'!F7,LEN('予定・実績管理 全児童-2025年6月'!F7)-1,1),"〇"),"") -> 16:00-17:40 [放] 〇井 〇郁 | G7: =IF('予定・実績管理 全児童-2025年6月'!G7<>"",SUBSTITUTE(REPLACE('予定・実績管理 全児童-2025年6月'!G7,17,1,"〇"),MID('予定・実績管理 全児童-2025年6月'!G7,LEN('予定・実績管理 全児童-2025年6月'!G7)-1,1),"〇"),"") -> 10:15-11:55 [放] 〇田 〇音
B8: =IF('予定・実績管理 全児童-2025年6月'!B8<>"",SUBSTITUTE(REPLACE('予定・実績管理 全児童-2025年6月'!B8,17,1,"〇"),MID('予定・実績管理 全児童-2025年6月'!B8,LEN('予定・実績管理 全児童-2025年6月'!B8)-1,1),"〇"),"") -> 16:00-17:40 [放] 〇上 〇太 | C8: =IF('予定・実績管理 全児童-2025年6月'!C8<>"",SUBSTITUTE(REPLACE('予定・実績管理 全児童-2025年6月'!C8,17,1,"〇"),MID('予定・実績管理 全児童-2025年6月'!C8,LEN('予定・実績管理 全児童-2025年6月'!C8)-1,1),"〇"),"") -> 16:00-17:40 [放] 〇西 〇偉 | D8: =IF('予定・実績管理 全児童-2025年6月'!D8<>"",SUBSTITUTE(REPLACE('予定・実績管理 全児童-2025年6月'!D8,17,1,"〇"),MID('予定・実績管理 全児童-2025年6月'!D8,LEN('予定・実績管理 全児童-2025年6月'!D8)-1,1),"〇"),"") -> 16:00-17:40 [放] 〇山 紘〇朗 | E8: =IF('予定・実績管理 全児童-2025年6月'!E8<>"",SUBSTITUTE(REPLACE('予定・実績管理 全児童-2025年6月'!E8,17,1,"〇"),MID('予定・実績管理 全児童-2025年6月'!E8,LEN('予定・実績管理 全児童-2025年6月'!E8)-1,1),"〇"),"") -> 16:00-17:40 [放] 〇井 〇弥 | F8: =IF('予定・実績管理 全児童-2025年6月'!F8<>"",SUBSTITUTE(REPLACE('予定・実績管理 全児童-2025年6月'!F8,17,1,"〇"),MID('予定・実績管理 全児童-2025年6月'!F8,LEN('予定・実績管理 全児童-2025年6月'!F8)-1,1),"〇"),"") -> 16:00-17:40〇[放]〇〇井〇翼 | G8: =IF('予定・実績管理 全児童-2025年6月'!G8<>"",SUBSTITUTE(REPLACE('予定・実績管理 全児童-2025年6月'!G8,17,1,"〇"),MID('予定・実績管理 全児童-2025年6月'!G8,LEN('予定・実績管理 全児童-2025年6月'!G8)-1,1),"〇"),"") -> 10:15-11:55 [放] 〇井 〇磨
B9: =IF('予定・実績管理 全児童-2025年6月'!B9<>"",SUBSTITUTE(REPLACE('予定・実績管理 全児童-2025年6月'!B9,17,1,"〇"),MID('予定・実績管理 全児童-2025年6月'!B9,LEN('予定・実績管理 全児童-2025年6月'!B9)-1,1),"〇"),"") -> 16:00-17:40 [放] 〇野 〇輝 | C9: =IF('予定・実績管理 全児童-2025年6月'!C9<>"",SUBSTITUTE(REPLACE('予定・実績管理 全児童-2025年6月'!C9,17,1,"〇"),MID('予定・実績管理 全児童-2025年6月'!C9,LEN('予定・実績管理 全児童-2025年6月'!C9)-1,1),"〇"),"") -> 16:00-17:40 [放] 〇仲 〇大 | D9: =IF('予定・実績管理 全児童-2025年6月'!D9<>"",SUBSTITUTE(REPLACE('予定・実績管理 全児童-2025年6月'!D9,17,1,"〇"),MID('予定・実績管理 全児童-2025年6月'!D9,LEN('予定・実績管理 全児童-2025年6月'!D9)-1,1),"〇"),"") -> 17:45-19:25 [放] 〇上 〇介 | E9: =IF('予定・実績管理 全児童-2025年6月'!E9<>"",SUBSTITUTE(REPLACE('予定・実績管理 全児童-2025年6月'!E9,17,1,"〇"),MID('予定・実績管理 全児童-2025年6月'!E9,LEN('予定・実績管理 全児童-2025年6月'!E9)-1,1),"〇"),"") -> 16:00-17:40 [放] 〇村 〇人 | F9: =IF('予定・実績管理 全児童-2025年6月'!F9<>"",SUBSTITUTE(REPLACE('予定・実績管理 全児童-2025年6月'!F9,17,1,"〇"),MID('予定・実績管理 全児童-2025年6月'!F9,LEN('予定・実績管理 全児童-2025年6月'!F9)-1,1),"〇"),"") -> 16:00-17:40〇[放]〇〇井〇翔 | G9: =IF('予定・実績管理 全児童-2025年6月'!G9<>"",SUBSTITUTE(REPLACE('予定・実績管理 全児童-2025年6月'!G9,17,1,"〇"),MID('予定・実績管理 全児童-2025年6月'!G9,LEN('予定・実績管理 全児童-2025年6月'!G9)-1,1),"〇"),"") -> 13:00-14:40 [放] 〇本 〇翔
B10: =IF('予定・実績管理 全児童-2025年6月'!B10<>"",SUBSTITUTE(REPLACE('予定・実績管理 全児童-2025年6月'!B10,17,1,"〇"),MID('予定・実績管理 全児童-2025年6月'!B10,LEN('予定・実績管理 全児童-2025年6月'!B10)-1,1),"〇"),"") -> 16:00-17:40 [放] 〇木 〇吾 | C10: =IF('予定・実績管理 全児童-2025年6月'!C10<>"",SUBSTITUTE(REPLACE('予定・実績管理 全児童-2025年6月'!C10,17,1,"〇"),MID('予定・実績管理 全児童-2025年6月'!C10,LEN('予定・実績管理 全児童-2025年6月'!C10)-1,1),"〇"),"") -> 16:00-17:40 [放] 〇下 〇日 | D10: =IF('予定・実績管理 全児童-2025年6月'!D10<>"",SUBSTITUTE(REPLACE('予定・実績管理 全児童-2025年6月'!D10,17,1,"〇"),MID('予定・実績管理 全児童-2025年6月'!D10,LEN('予定・実績管理 全児童-2025年6月'!D10)-1,1),"〇"),"") -> 17:45-19:25 [放] 〇斐 〇惺 | E10: =IF('予定・実績管理 全児童-2025年6月'!E10<>"",SUBSTITUTE(REPLACE('予定・実績管理 全児童-2025年6月'!E10,17,1,"〇"),MID('予定・実績管理 全児童-2025年6月'!E10,LEN('予定・実績管理 全児童-2025年6月'!E10)-1,1),"〇"),"") -> 17:45-19:25 [放] 〇藤 〇人 | F10: =IF('予定・実績管理 全児童-2025年6月'!F10<>"",SUBSTITUTE(REPLACE('予定・実績管理 全児童-2025年6月'!F10,17,1,"〇"),MID('予定・実績管理 全児童-2025年6月'!F10,LEN('予定・実績管理 全児童-2025年6月'!F10)-1,1),"〇"),"") -> 16:00-17:40 [放] 〇部 〇侑 | G10: =IF('予定・実績管理 全児童-2025年6月'!G10<>"",SUBSTITUTE(REPLACE('予定・実績管理 全児童-2025年6月'!G10,17,1,"〇"),MID('予定・実績管理 全児童-2025年6月'!G10,LEN('予定・実績管理 全児童-2025年6月'!G10)-1,1),"〇"),"") -> 13:00-14:40 [放] 〇本 〇希
B11: =IF('予定・実績管理 全児童-2025年6月'!B11<>"",SUBSTITUTE(REPLACE('予定・実績管理 全児童-2025年6月'!B11,17,1,"〇"),MID('予定・実績管理 全児童-2025年6月'!B11,LEN('予定・実績管理 全児童-2025年6月'!B11)-1,1),"〇"),"") -> 17:45-19:25 [放] 〇藤 実〇里 | C11: =IF('予定・実績管理 全児童-2025年6月'!C11<>"",SUBSTITUTE(REPLACE('予定・実績管理 全児童-2025年6月'!C11,17,1,"〇"),MID('予定・実績管理 全児童-2025年6月'!C11,LEN('予定・実績管理 全児童-2025年6月'!C11)-1,1),"〇"),"") -> 17:45-19:25 [放] 〇倉 〇来 | D11: =IF('予定・実績管理 全児童-2025年6月'!D11<>"",SUBSTITUTE(REPLACE('予定・実績管理 全児童-2025年6月'!D11,17,1,"〇"),MID('予定・実績管理 全児童-2025年6月'!D11,LEN('予定・実績管理 全児童-2025年6月'!D11)-1,1),"〇"),"") -> 17:45-19:25〇[放]〇〇口〇岳 | E11: =IF('予定・実績管理 全児童-2025年6月'!E11<>"",SUBSTITUTE(REPLACE('予定・実績管理 全児童-2025年6月'!E11,17,1,"〇"),MID('予定・実績管理 全児童-2025年6月'!E11,LEN('予定・実績管理 全児童-2025年6月'!E11)-1,1),"〇"),"") -> 17:45-19:25 [放] 〇藤 〇人 | F11: =IF('予定・実績管理 全児童-2025年6月'!F11<>"",SUBSTITUTE(REPLACE('予定・実績管理 全児童-2025年6月'!F11,17,1,"〇"),MID('予定・実績管理 全児童-2025年6月'!F11,LEN('予定・実績管理 全児童-2025年6月'!F11)-1,1),"〇"),"") -> 17:45-19:25 [放] 〇本 〇哉 | G11: =IF('予定・実績管理 全児童-2025年6月'!G11<>"",SUBSTITUTE(REPLACE('予定・実績管理 全児童-2025年6月'!G11,17,1,"〇"),MID('予定・実績管理 全児童-2025年6月'!G11,LEN('予定・実績管理 全児童-2025年6月'!G11)-1,1),"〇"),"") -> 13:00-14:40 [放] 〇之内 〇樹
